phase_id,expedition_id,sequence,phase_kind,display_name,date_from,date_to,date_precision,under_own_power,evidence_class,confidence,review_state,source_id,source_locator,notes
ant-phs-ite-plan,ant-exp-ite,0,planned,The announced crossing,1914-08,,month,planned,editorial_interpolation,low,raw,ant-src-shackleton-south-1919,pending,"Sequence 0 because it never happened. It is the intention against which every later phase is read, and it is held as a separate entity so that the plan and the experience can never be merged into one route."
ant-phs-ite-approach,ant-exp-ite,1,approach,South Georgia into the Weddell Sea,1914-12-05,1915-01-19,day,yes,dead_reckoning,low,raw,ant-src-shackleton-south-1919,pending,The only phase in which the ship goes where it is steered.
ant-phs-ite-beset,ant-exp-ite,2,beset,Beset in the pack,1915-01-19,1915-01-19,day,no,dead_reckoning,contested,raw,ant-src-shackleton-south-1919,pending,"The hinge of the act. Recorded as 19 January; sources seen during compilation also give 18 January, and that disagreement is logged as ant-gap-besetment-date rather than resolved by choosing."
ant-phs-ite-drift,ant-exp-ite,3,drift,Drift with the ice,1915-01-19,1915-10-27,day,no,dead_reckoning,low,raw,ant-src-bergman-stuart-location,pending,Nine months in which the ship's position changes continuously and its crew steer nothing. The `under_own_power` field exists for this row: a drift must never read as a voyage.
ant-phs-ite-abandon,ant-exp-ite,4,abandonment,Ship abandoned,1915-10-27,1915-11-21,day,no,dead_reckoning,low,raw,ant-src-shackleton-south-1919,pending,"Abandonment and sinking are twenty-five days apart and are two events, not one."
ant-phs-ite-ice-camps,ant-exp-ite,5,ice_camp,Camps on the floe,1915-10-27,1916-04-09,day,no,dead_reckoning,low,raw,ant-src-shackleton-south-1919,pending,"The people continue to move geographically after the ship is gone, which is the cleanest statement of the act's question."
ant-phs-ite-elephant,ant-exp-ite,6,landfall,Boat journey to Elephant Island,1916-04-09,1916-04-15,day,yes,instrumental_fix,low,raw,ant-src-worsley-boat-journey,pending,Steering resumes.
ant-phs-ite-caird,ant-exp-ite,7,boat_journey,James Caird to South Georgia,1916-04-24,1916-05-10,day,yes,dead_reckoning,medium,normalized,ant-src-bergman-caird-navigation,"Appendix B (pp. 58-66); the voyage, pp. 35-37","A second navigation problem with different constraints: few sights, a moving platform and no margin for a longitude error. The log gives fourteen noon positions for the sixteen days, of which five are corrected by sights and nine are reckoned, so the phase is filed as dead_reckoning: the sights are the exception that makes the rest legible, not the rule."
ant-phs-ite-crossing,ant-exp-ite,8,overland,South Georgia crossed on foot,1916-05-18,1916-05-20,day,yes,dead_reckoning,low,raw,ant-src-worsley-boat-journey,pending,"Included because it is navigation without a chart, which is the last variation the act has to offer."
