map_object_id,act,cluster,title,creator,date_label,year,publication_context,edition_state,dimensions,repository,repository_url,persistent_id,accession_number,scan_source,rights_status,rights_basis_url,reproduction_use,verification_state,review_status,source_id,role_in_essay,notes,reviewer,review_date
ant-obj-fine-1531,act_i,foundation,"Nova, et integra universi orbis descriptio",Oronce Fine,1531,1531,"Double-cordiform world map, Paris",State not established,,,https://www.davidrumsey.com/,,,,public_domain_work,https://www.davidrumsey.com/,undetermined,unverified,candidate,,The southern continent drawn as a coherent landmass on a map of the whole world.,"The canonical Terra Australis image for Act I. No holding copy, state or scan has been identified, so it is a candidate and not yet a usable object.",,
ant-obj-mercator-1569,act_i,foundation,Nova et aucta orbis terrae descriptio ad usum navigantium emendate accommodata,Gerardus Mercator,1569,1569,Duisburg; multi-sheet wall map,Surviving copies differ; none selected,,,https://www.bnf.fr/,,,,public_domain_work,https://www.bnf.fr/,undetermined,unverified,candidate,,The projection that fixes the southern continent into the working chart of navigators.,Only a handful of copies survive and they are not identical. Act I must name the copy it reproduces or use a documented facsimile and say so.,,
ant-obj-ortelius-typus-1570,act_i,foundation,Typus Orbis Terrarum,Abraham Ortelius,1570,1570,"Theatrum Orbis Terrarum, Antwerp",Plate state and issue not established,,,https://www.davidrumsey.com/,,,,public_domain_work,https://www.davidrumsey.com/,undetermined,unverified,candidate,,The atlas world map through which Terra Australis reaches its widest audience.,Ortelius reworked this plate repeatedly and the southern coast is not identical across states. The state matters to the argument and is not yet known.,,
ant-obj-blaeu-world,act_ii,foundation,"Blaeu world map (comparator, exact object to be selected)",Willem or Joan Blaeu,17th century,1630,To be established,Not selected,,,https://www.davidrumsey.com/,,,,public_domain_work,https://www.davidrumsey.com/,undetermined,unverified,candidate,,A seventeenth-century comparator showing the southern coast after the Ortelius generation.,Included only if it marks a distinct evidentiary stage. If it merely repeats Ortelius it should be dropped rather than shown as filler.,,
ant-obj-coronelli-globe-1688,act_iii,coronelli,"Globo della Terra di tre piedi, e mezzo di diametro - printed gores and polar calottes",Vincenzo Maria Coronelli,1688,1688,"Venice, Accademia Cosmografica degli Argonauti; 24 gores and 2 polar calottes for a terrestrial globe of 42 inches (107 cm) diameter","David Rumsey copy of the State Library of New South Wales set, publication 10070; south polar calotte list no. 10070.026, north polar calotte 10070.025","Calotte 36 x 36 cm; assembled globe 107 cm diameter; scale 1:11,458,33",State Library of New South Wales (the printed gores); David Rumsey Historical Map Collection (the images),https://www.davidrumsey.com/,https://www.davidrumsey.com/luna/servlet/detail/RUMSEY~8~1~288604~90060290,10070.026,"David Rumsey IIIF image service, 13744 x 13850; south polar calotte examined at full resolution 2026-08-27. Images provided by the State Library of New South Wales, where the original printed gores reside.",public_domain_work,https://www.davidrumsey.com/,undetermined,verified,candidate,ant-src-coronelli-atlante-veneto,"Coronelli's world in the round, and the one southern surface he could not leave blank without leaving a hole.","Located and examined 2026-08-27, replacing the Rumsey blog record that stood here as a placeholder. The south polar calotte carries no land at all: meridians radiating from the pole and concentric parallels, and no coastline anywhere on the cap. The title is engraved around the pole as 'POLO ANTARTICO O SIA MERIDIONALE'. The space is filled instead by a large allegorical cartouche whose text is a narrative of Magellan - 237 men from Charles V, five ships out of Seville on 10 August 1519, the strait found on 31 March, the Vittoria home in 1522 after 14,460 leagues - and, around the rim and in a left-hand panel headed 'Del Sito, Distanza, Divisione, e Differenti Habitatori della Terra', the five climatic zones and their inhabitants. Those are the only two prose blocks on the sheet. This is the constraint argument's best evidence: on a globe the southern cap must be engraved with something, and what Coronelli engraved there was history and cosmographical apparatus rather than conjectured coast, which is the same judgement the Atlante Veneto essay makes in words at printed p. 75. rights_status records the 1688 work, not the scan: reproduction_use stays undetermined because the images are supplied by the State Library of New South Wales and their terms have not been read. review_status stays source_checked; the record has been read but not reviewed by a person.",,
ant-obj-coronelli-terre-artiche,act_iii,coronelli,Terre Artiche,Vincenzo Maria Coronelli,1693,1693,"Atlante Veneto, Tomo I, Venice; Rumsey publication 12186, plate 12186.101","David Rumsey copy, list no. 12186.101; plate state not further established","46 x 61 cm; scale 1:12,200,000",David Rumsey Historical Map Collection,https://www.davidrumsey.com/,https://www.davidrumsey.com/luna/servlet/detail/RUMSEY~8~1~303154~90060722,12186.101,"David Rumsey IIIF image service, 12365 x 7744; plate examined at full resolution 2026-08-25",public_domain_work,https://www.davidrumsey.com/,undetermined,verified,source_checked,ant-src-coronelli-atlante-veneto,"The plate Act III actually has: a north polar sheet crowded with named voyages, set against a southern polar section that received no plate at all.","Examined 2026-08-25 at full IIIF resolution: Arctic to the neatline, north polar azimuthal projection on a double-page spread, with the gutter falling through the pole. Dedication cartouche to Conte Ercole Pepoli, Senator of Bologna and Venetian patrician. The legend inside the central mountain ring records Hugh Willoughby ('Vgone Willogheo') at 76 degrees, a Spitsbergen overwintering party of seven that sailed 30 August 1633 and returned without profit 26 May 1634, and Friedrich Martens of Hamburg, who left the Elbe 15 April 1671 and returned 21 August the same year having reached 81 degrees. Replaces the former ant-obj-coronelli-terre-polari, whose persistent_id resolved to Rumsey 1012.002, a 1929 Touring Club Italiano plate; no Coronelli map plate of that title exists in the Rumsey catalogue. Reproduction stays undetermined: the object is verified, but clearing a plate for DeepZoom is a publication decision and the pilot's public tier is empty until a person reviews the record. Tied to the text 2026-08-25: Friedrich Martens's 1671 Spitsbergen voyage appears both in this plate's central legend and in the accompanying essay at printed p. 73 and in its closing source list at p. 76, which is the plate and the text resting on one named source.",,
ant-obj-coronelli-polo-artiche,act_iii,coronelli,Polo Artiche,Vincenzo Maria Coronelli,1693,1693,"Atlante Veneto, Tomo I, Venice; Rumsey publication 12186, plate 12186.104","David Rumsey copy, list no. 12186.104; plate state not established","39 x 39 cm; scale 1:12,000,000",David Rumsey Historical Map Collection,https://www.davidrumsey.com/,https://www.davidrumsey.com/luna/servlet/detail/RUMSEY~8~1~303157~90060725,12186.104,David Rumsey Historical Map Collection (catalogue record read; image not examined),public_domain_work,https://www.davidrumsey.com/,undetermined,partially_verified,candidate,ant-src-coronelli-atlante-veneto,"The second of the two Arctic plates, which is what makes the northern weighting of the section structural rather than incidental.","Catalogue record read 2026-08-25: atlas map, World Area Arctic, 39 x 39 cm, scale 1:12,000,000. The plate itself has not been examined, so nothing may be said about what it shows beyond its Rumsey classification.",,
ant-obj-coronelli-atlante-polar,act_iii,coronelli,Atlante Veneto polar material (exact plates to be identified),Vincenzo Maria Coronelli,1690-1701,1691,"Atlante Veneto, Venice",Volume and plate not identified,,,https://www.davidrumsey.com/,,,,public_domain_work,https://www.davidrumsey.com/,undetermined,unverified,candidate,ant-src-coronelli-atlante-veneto,"The publication context that shows the polar plates were part of a comprehensive world, not a curiosity.","Still a placeholder. Narrowed 2026-08-25: four candidate plates have been proposed for audit (a south polar calotte gore, Planisfero Meridionale, Costellazioni Celesti del Polo Antartico, and the western America Meridionale sheet, of which only the last is confirmed to exist as Rumsey 12186.097). None has been verified. Tracked as ant-gap-atlante-plates; it must resolve to named plates or be deleted.",,
ant-obj-cook-southern-hemisphere-1777,act_iv,cook,"A Chart of the Southern Hemisphere, according to the latest Discoveries with the Tracks of the Resolution, Captn Cook and the Adventure, Captn Furneaux, from 1772 to 1775","William Whitchurch (engraver), after James Cook",10 March 1777,1777,"Issued with A Voyage towards the South Pole, London: Strahan and Cadell, 1777",Etching as issued with the 1777 publication,Sheet 660 x 680 mm,"National Maritime Museum, Greenwich, London",https://www.rmg.co.uk/,https://www.rmg.co.uk/collections/objects/rmgc-object-154063,PAI4123,Royal Museums Greenwich collections online,rights_review_required,https://www.rmg.co.uk/collections/objects/rmgc-object-154063,research_only,verified,candidate,ant-src-cook-voyage-1777,The hinge object of the whole essay: the tracks that bound the blank.,"Catalogue record read during this audit and the fields above transcribed from it. The record states no licence; it offers print sales and image licensing through RMG Images, so reproduction is research_only until terms are obtained in writing.",,
ant-obj-cook-southern-hemisphere-1777-alt,act_iv,cook,"A chart of the Southern Hemisphere according to the latest discoveries: with the tracks of the Resolution, Capn Cook: and the Adventure Capn Furneaux from 1772 to 1775","Johann George Forster; William Whitchurch (engraver), after James Cook",1777,1777,Second Greenwich record of the same chart,A second Greenwich impression of the same plate; state not established,Between neat lines 59 cm diameter; plate mark 63 x 67 cm; sheet 64 x 71 cm,"National Maritime Museum, Greenwich, London",https://www.rmg.co.uk/,https://www.rmg.co.uk/collections/objects/rmgc-object-543571,G201:3/3,Royal Museums Greenwich collections online,rights_review_required,https://www.rmg.co.uk/,research_only,verified,candidate,ant-src-rmg-cook-chart-g201,"The second impression, and the record that names Forster.","Catalogue record read during the ANT-5 audit. This record credits Johann George Forster alongside Whitchurch, which PAI4123 does not, and gives different measurements: 59 cm between neat lines against PAI4123's 660 x 680 mm sheet. Two impressions of one plate catalogued differently, so the essay must name which copy it reproduces. Closes ant-gap-cook-copy-choice.",,
ant-obj-bellingshausen-atlas,act_v,discovery_survey,Bellingshausen expedition chart material (exact plates to be identified),Fabian Gottlieb von Bellingshausen,1831,1831,Russian expedition atlas accompanying the published narrative,Not identified,,,https://www.rgo.ru/,,,,public_domain_work,https://www.rgo.ru/,undetermined,unverified,candidate,ant-src-debenham-bellingshausen,"What the 1819-21 voyage charted, as against what later writers say it saw.",A named repository and plate list are required. The priority argument cannot be illustrated from a chart nobody has located.,,
ant-obj-weddell-chart-1825,act_v,discovery_survey,Chart of the South Polar Sea (as issued with Weddell's Voyage),James Weddell,1825,1825,"A Voyage towards the South Pole, London, 1825",Not identified,,,https://www.rmg.co.uk/,,,,public_domain_work,https://www.rmg.co.uk/,undetermined,unverified,candidate,ant-src-weddell-voyage-1825,An exceptional ice year charted as if it were the normal state of the sea.,Title given here is the form usually cited and has not been checked against a copy.,,
ant-obj-wilkes-antarctic-chart,act_v,discovery_survey,"Map of the Antarctic continent, in the Atlas of the Narrative of the United States Exploring Expedition",Charles Wilkes; United States Exploring Expedition,1844,1844,"Atlas of the Narrative of the United States Exploring Expedition during the years 1838, 1839, 1840, 1841, 1842. Philadelphia: C. Sherman, 1844",Atlas plate No. 70; 5 profile views on the same sheet,,"Library of Congress, Geography and Map Division",https://www.loc.gov/,https://www.loc.gov/item/2010589747/,,"Library of Congress digitised copy 3, shelf g9230m.gct00224 (persistent_id above); the LoC site itself returns a bot-detection challenge from this environment, so the plate was examined at full IIIF resolution via the American Geographical Society Library’s digitised copy of the same plate (University of Wisconsin-Milwaukee Libraries, Digital ID am004598, https://collections.lib.uwm.edu/digital/collection/agdm/id/12243/) instead.",no_known_restrictions,https://www.loc.gov/item/2010589747/,undetermined,verified,candidate,ant-src-loc-wilkes-atlas,"Charted coast, some of which was later sailed through: the bridge from Act V into Act VI.","Plate examined 2026-08-27: “Chart of the Antarctic Continent Shewing the Icy Barrier Attached to it, Discovered by the U.S. Ex.Ex. Charles Wilkes Esq. Commander, 1840,” plate/sheet No. 70. “Termination Land” is named on it, drawn with a dotted (unsurveyed) coastline convention rather than the solid line used for surveyed coast, in the chart’s western sector near Knox’s and Budd’s High Land and Repulse Bay. Approximate position read off the plate’s own graticule: about 94.5-96.7°E, 67.9-70.1°S (centre roughly 95.6°E, 69.0°S). Read from the plate's own graticule (pixel position against the top-edge longitude ticks and the left/right-edge latitude ticks, both legible and internally consistent at two check points each), not a formal georeference with control points – treat as approximate, not survey-grade. This is the position ant-gap-wilkes-sheets asked for and ant-ghost-wilkes-segment cites; it is not the 65-67°S/160-165°E figure that had been circulating for ‘Termination Land’ before this plate was actually opened – that figure, if it belongs to anything on this chart, is closer to the more easterly cluster of named peaks (Ringgold’s Knoll and neighbours), not Termination Land, which was not independently re-checked here.",,
ant-obj-ross-south-polar-chart,act_v,discovery_survey,Ross south polar chart material (exact sheets to be identified),James Clark Ross,1847,1847,"Issued with A Voyage of Discovery and Research, London, 1847",Not identified,,,https://www.rmg.co.uk/,,,,public_domain_work,https://www.rmg.co.uk/,undetermined,unverified,candidate,ant-src-ross-voyage-1847,The first survey coast in the dataset that is drawn from sustained observation.,Ross is the point at which the register must distinguish observed coast from reported coast on the same sheet.,,
ant-obj-ukho-ice-chart-1910,act_vii,cumulative,"Ice chart of the southern hemisphere compiled from the voyages of Cook 1772-5, Bellingshausen 1819-21, Weddell 1822-4, Foster 1828-9, Biscoe 1830-2, Balleny 1839, D'Urville 1839, Wilkes 1839, Ross 1841-2-3, Scott 1901-4, and Shackleton 1908-9",United Kingdom Hydrographic Office; Carrington; Thomas Malby,1910; 1874,1910,"Admiralty chart, scale ca. 1:4 000 000",1910 issue of a chart first compiled in 1874,Printed area 29.5 cm diameter on sheet 855 x 680 mm,"National Maritime Museum, Greenwich, London",https://www.rmg.co.uk/,https://www.rmg.co.uk/collections/objects/rmgc-object-540947,G288:1/2(2),Royal Museums Greenwich collections online,rights_review_required,https://www.rmg.co.uk/collections/objects/rmgc-object-540947,research_only,verified,candidate,,The anchor object of Act VII: eleven voyages across 137 years compiled onto one sheet.,"Catalogue record read during this audit. Two facts from it change the argument: the credit line is Crown copyright, and the record dates the object 1910 and 1874, which means the 1910 sheet is itself a reissue of an earlier compilation. The layered archive is therefore literal.",,
ant-obj-ukho-ice-chart-1874,act_vii,cumulative,"ICE CHART OF THE SOUTHERN HEMISPHERE Compiled from the Voyages of Cook 1772-5, Bellinghausen 1819-21, Weddell 1822-4, Foster 1828-9, Biscoe 1830-2, Balleny 1839, D'Urville 1839, Wilkes 1839 and Ross 1841-2-3 From the papers on Ice-bergs in the Southern Ocean by Towson 1855-59",HM Admiralty; Robert Christopher Carrington; Malby and Son,1874 (compiled); 1879 (published),1874,Admiralty chart; polar projection to latitude 30 degrees south,"Compiled 1874, published 1879","Sheet 68 x 68 cm; print, partially coloured","National Maritime Museum, Greenwich, London",https://www.rmg.co.uk/,https://www.rmg.co.uk/collections/objects/rmgc-object-555864,NTY288:1/2(1),Royal Museums Greenwich collections online,rights_review_required,https://www.rmg.co.uk/,research_only,verified,candidate,ant-src-rmg-ice-chart-1874,"The 1910 chart's predecessor, and the evidence that a cumulative synthesis is itself revised.","Catalogue record read during the ANT-8 audit. The decisive comparison: this title's voyage list ends at Ross 1841-2-3 and adds Towson's iceberg papers of 1855-59, while the 1910 sheet adds Scott 1901-4 and Shackleton 1908-9. Two catalogue titles, one revision, and Act VII's layered archive stops being a metaphor. Crown copyright applies.",,
ant-obj-ite-plan-chart,act_viii,endurance,Imperial Trans-Antarctic Expedition plan chart (exact object to be identified),Imperial Trans-Antarctic Expedition,1914,1914,Expedition prospectus and published accounts,Not identified,,Scott Polar Research Institute,https://www.spri.cam.ac.uk/,,,,rights_review_required,https://www.spri.cam.ac.uk/,undetermined,unverified,candidate,ant-src-shackleton-south-1919,"The planned crossing, which Act VIII fades to background once the drift begins.","The plan has to come from a dated object rather than from a modern redrawing, or the contrast between plan and drift is a contrast between two of our own graphics.",,
ant-obj-worsley-drift-chart,act_viii,endurance,Worsley drift and boat-journey chart material (exact object to be identified),Frank Arthur Worsley,1915-1916,1916,Expedition navigational records and published accounts,Not identified,,Scott Polar Research Institute,https://www.spri.cam.ac.uk/,,,,rights_review_required,https://www.spri.cam.ac.uk/,undetermined,unverified,candidate,ant-src-worsley-endurance-1931,"The navigator's own record, which is the only thing that can separate a fix from an interpolation.","The single most important unresolved object in the programme. Until it is located, every Endurance position in the dataset is taken from a published narrative and must be labelled as such.",,
ant-obj-durville-atlas,act_v,discovery_survey,Atlas plates from Voyage au Pole Sud et dans l'Oceanie (exact plates to be identified),Jules Sebastien Cesar Dumont d'Urville,1841-1854,1846,Paris: Gide; atlas accompanying the narrative,"Atlas pittoresque, T. 2 (Paris, 1846); plates 168-172 confirmed present",,Heidelberg University Library,https://digi.ub.uni-heidelberg.de/diglit/dumont1846atlasbd2,https://doi.org/10.11588/diglit.20229,,"Heidelberg University Library digitisation, DOI 10.11588/diglit.20229 (Atlas pittoresque T. 2)",public_domain_work,https://gallica.bnf.fr/,undetermined,partially_verified,candidate,ant-src-durville-voyage,"A third national chart of the same 1840 coast, alongside Wilkes and Ross.","Gallica blocks this environment (bot-detection challenge on both a plain fetch and a browser tab), but Heidelberg University Library holds its own free digitisation of the atlas and does not: confirmed 2026-08-27 via https://digi.ub.uni-heidelberg.de/diglit/dumont1841ga, which lists four digitised items – the two narrative text volumes and Atlas pittoresque T. 1 and T. 2. Plates 168-172 (the plate range the Terre Adelie landing sequence is reported at) all exist in T. 2 and were opened one by one via the viewer''s plate-jump control; each carries a printed ""PL. <n>"" watermark confirming its number, and 168 shows a ship/landing scene consistent with a Terre Adelie plate. Individual plate captions were not transcribed (the viewer does not expose OCR text and this was not read caption-by-caption), so this is partially_verified rather than verified. No ""Atlas Hydrographique"" volume with the technical charts (the plate the essay would need for actual coastline positions rather than illustrated scenes) is among Heidelberg''s four digitised items; that volume remains unlocated.",,
ant-obj-mill-chart-1905,act_vii,cumulative,Chart material in The Siege of the South Pole (exact plates to be identified),Hugh Robert Mill,1905,1905,London: Alston Rivers,Not identified,,,https://archive.org/,,,,public_domain_work,https://archive.org/,undetermined,unverified,candidate,ant-src-mill-siege-south-pole,"What a well-informed reader could know in 1905, five years before the chart that revises it.",Held as a comparator for the 1874 to 1910 revision rather than for its own sake.,,
