source_id,act,claim_family,source_kind,short_title,title,creator,date_label,year,publication_context,repository,repository_url,persistent_id,edition_state,locator,rights_status,rights_basis_url,verification_state,review_status,role_in_essay,notes,reviewer,review_date
ant-src-hiatt-terra-incognita,act_i,terra_australis_theory,scholarly_monograph,"Hiatt, Terra Incognita",Terra Incognita: Mapping the Antipodes before 1600,Alfred Hiatt,2008,2008,British Library / University of Chicago Press,,https://press.uchicago.edu/,,First edition,pending,in_copyright,https://press.uchicago.edu/,unverified,candidate,Establishes that the antipodal south is an argument before it is a coastline.,The anchor for Act I's claim that the southern continent is inherited reasoning rather than report. Not yet read against the page for the specific propositions the act will make.,,
ant-src-stallard-antipodes,act_i,terra_australis_theory,scholarly_monograph,"Stallard, Antipodes",Antipodes: In Search of the Southern Continent,Avan Judd Stallard,2016,2016,Monash University Publishing,,https://publishing.monash.edu/,,First edition,pending,in_copyright,https://publishing.monash.edu/,unverified,candidate,"The historiography of the southern continent as an idea, including its persistence after contrary evidence.",Directly useful for the high-risk claim about what early modern cartographers can be said to have believed.,,
ant-src-eisler-furthest-shore,act_i,terra_australis_theory,scholarly_monograph,"Eisler, The Furthest Shore",The Furthest Shore: Images of Terra Australis from the Middle Ages to Captain Cook,William Eisler,1995,1995,Cambridge University Press,,https://www.cambridge.org/,,First edition,pending,in_copyright,https://www.cambridge.org/,unverified,candidate,Bridges Act I to Act IV: the same imagined shore from cosmography through to Cook.,"Covers the whole arc the essay's first half needs, which makes it the source most worth reading first.",,
ant-src-hoc-vol3,act_ii,source_inheritance,reference_work,History of Cartography III,"The History of Cartography, Volume 3: Cartography in the European Renaissance",David Woodward (ed.),2007,2007,University of Chicago Press,,https://www.press.uchicago.edu/books/HOC/index.html,,"Volume 3, two parts",pending,no_known_restrictions,https://www.press.uchicago.edu/books/HOC/index.html,unverified,candidate,"The authority on copying, plate reuse and the mechanics by which a coastline is inherited.",Open access via the publisher's HOC pages. The chapters relevant to Act II have not yet been identified by number.,,
ant-src-brotton-trading-territories,act_ii,source_inheritance,scholarly_monograph,"Brotton, Trading Territories",Trading Territories: Mapping the Early Modern World,Jerry Brotton,1997,1997,Reaktion Books,,https://www.reaktionbooks.co.uk/,,First edition,pending,in_copyright,https://www.reaktionbooks.co.uk/,unverified,candidate,Why a printed coastline carries commercial and political authority independent of its evidence.,Supporting rather than load-bearing; drop it if Act II can be argued from HOC III alone.,,
ant-src-coronelli-epitome-1693,act_iii,coronelli,printed_text,"Coronelli, Epitome Cosmografica","Epitome cosmografica, o compendiosa introduttione all'astronomia, geografia, & idrografia",Vincenzo Maria Coronelli,1693,1693,"Cologne [i.e. Venice], at the request of Andrea Poletti",Internet Archive (digitised copy),https://archive.org/,https://archive.org/details/epitomecosmograf00coro_0,"1693; Internet Archive copy epitomecosmograf00coro_0, 616 images","Libro Secondo, Cap. IX 'Delle Terre Polari', pp. 265-266",public_domain_text,https://archive.org/details/epitomecosmograf00coro_0,verified,source_checked,"The textual half of Act III, including the section on the polar lands.","Chapter read on the page images 2026-08-25. The Epitome carries its own short polar chapter, distinct from the much longer Atlante Veneto essay: two pages covering both poles, opening 'Delle Terre Artiche, ed Antartiche poco si puo dire, perche poco fin hora e giunto alla cognitione del Mondo'. It reports Magellan 1520, Le Maire 1616, Brouwer 1643, New Zealand 1654, Nuits 1627 and Nuova Olanda 1644 in the south, dismisses the Terra de' Papagalli as 'creduta favolosa', and gives the Arctic a single paragraph ending in a Dutch claim to have passed below the 82nd degree. The book's own index confirms the pages (Terre Artiche 265, Antartiche 265).",,
ant-src-coronelli-atlante-veneto,act_iii,coronelli,printed_text,"Coronelli, Atlante Veneto",Atlante Veneto,Vincenzo Maria Coronelli,1690-1701,1690,"Venice; thirteen folio volumes, conceived as a continuation of the Blaeu Atlas Maior. Tomo I (1691) carries the polar section.",,https://www.davidrumsey.com/,https://www.davidrumsey.com/luna/servlet/detail/RUMSEY~8~1~303153~90060721,"Tomo I, David Rumsey copy, publication 12186","Rumsey 12186.100 to .107, printed pp. 70-76, section 'Terre Polari, Artiche, ed Antartiche'; plates 12186.101 'Terre Artiche' and 12186.104 'Polo Artiche'; section closes at 12186.108 'Idrografia'",public_domain_text,https://www.davidrumsey.com/,verified,source_checked,The cartographic half of Act III and the publication context of the polar plates.,"Catalogue sequence read item by item, and all seven leaves of the polar essay have now been examined on the page images: 12186.100, .105 and .107 (printed pp. 70, 73 and 76) on 2026-08-25, and 12186.102, .103 and .106 (printed pp. 71, 72 and 74-75) on 2026-08-27 from high-resolution captures supplied by Vlad Simion, each leaf checked against the folio printed on it. A seven-page cosmographic essay in two columns with marginal headings, entirely distinct from the two-page Epitome chapter. The section is northern for five and a half of its seven pages: pp. 71-72 and 74 carry Greenland, the Norse settlements and the Danish crown's recovery attempts, then Nova Zembla, Statem Eyland, the Isola Mauritio and the Terra di Iesso, and name Snorro Storlefonio and Angrimo Giona as the authorities for the Greenland history. The southern discourse begins mid-column on p. 75 under the display heading 'TERRE AUSTRALI, OUERO ANTARTICHE' and runs to the end of the section on p. 76, p. 75 closing on the catchword 'e 60'. It opens by dividing the south in two: Nuova Guinea, Nuova Olanda, Terra di Diemens, Nuova Zelanda, Terra dello Spirito Santo and the Carpentaria are the parts of which some notice has arrived, while those that 'restano affatto incognite' are the Terre Magellaniche, 'che congetturalmente vengono disegnate d'intorno al Circolo Polare Antartico', and the Terra del Fuoco. The southern argument is therefore a page and a half long, and the verdicts on p. 76 do not rest on unread reasoning. Both poles are treated at length; only the plates are asymmetric. Rumsey's record is internally inconsistent about the date, Pub Title reading MDCXCI against a Pub Date of 1693.",,
ant-src-milanesi-coronelli,act_iii,coronelli,scholarly_monograph,"Milanesi, Coronelli",Vincenzo Coronelli Cosmographer (1650-1718),Marica Milanesi,2016,2016,"Brepols, Terrarum Orbis 13; 472 pp., 44 colour illustrations; ISBN 978-2-503-56461-6",,https://www.brepols.net/,https://www.brepols.net/products/IS-9782503564616-1,"First edition, 2016; ISBN 978-2-503-56461-6","Part Two, the workshop of the Frari; Part Three, Cosmografo della Serenissima and the Accademia degli Argonauti - part-level only, from the publisher's description, no page read",in_copyright,https://www.brepols.net/,unverified,candidate,The scholarly control on every claim Act III makes about Coronelli's method and sources.,"Act III's highest-priority acquisition, and still unread. Narrowed 2026-08-25: the Terre Artiche plate carries a dedication to Conte Ercole Pepoli, Senator of Bologna, so the workshop-and-patron question is now a specific one about this plate rather than a general caution. Without Milanesi the act would still risk reading a dedicated commercial plate as a personal cosmology. Bibliographic description confirmed against the publisher 2026-08-27: 472 pages, 44 colour illustrations, ISBN 978-2-503-56461-6, and the volume is in three parts. Brepols describes Part One as the manufacture of the two four-metre globes for the Galerie des glaces at Versailles and their distribution in Europe; Part Two as the workshop of the Frari, covering Coronelli's sales, his editorial work on maps, plans, atlases and an unsuccessful encyclopaedia, and how manufacture there was organised, financed and related to colleagues, competitors and clients; and Part Three as his office of Cosmografo della Serenissima and the Accademia degli Argonauti with its connections to nobility and scholarly networks. Parts Two and Three are therefore where the workshop and patronage questions should be read, and the locator records exactly that and no more: it is taken from the publisher's description, not from the book, and carries no page numbers because no page has been read. verification_state stays unverified and review_status stays candidate for the same reason; ant-gap-coronelli-milanesi does not close on a part-level pointer. One further reason to acquire the volume: the appendix is described as carrying transcripts of key documents and a list of maps attributable to Coronelli, which bears directly on ant-gap-atlante-plates and would be a better instrument for that audit than walking the Rumsey list numbers.",,
ant-src-cook-voyage-1777,act_iv,cook_absence,expedition_narrative,"Cook, Voyage towards the South Pole",A Voyage towards the South Pole and Round the World,James Cook,1777,1777,"London: W. Strahan and T. Cadell, two volumes",,https://www.rmg.co.uk/,,"First edition, 1777",pending,public_domain_text,https://www.rmg.co.uk/,unverified,candidate,The published voyage whose charts and text turn a failure to find land into a bounded blank.,The official account that carries the 1777 southern-hemisphere chart. No page locators are transcribed.,,
ant-src-beaglehole-journals-ii,act_iv,cook_absence,critical_edition,"Beaglehole, Journals II","The Journals of Captain James Cook on his Voyages of Discovery, Volume II: The Voyage of the Resolution and Adventure, 1772-1775",J. C. Beaglehole (ed.),1961,1961,Cambridge: Hakluyt Society,,https://www.hakluyt.com/,,"Hakluyt Society, Extra Series",pending,in_copyright,https://www.hakluyt.com/,unverified,candidate,The scholarly edition against which any quotation from the second voyage must be checked.,"Act IV should argue from Beaglehole rather than from the 1777 publication where the two differ, and should say so where it matters.",,
ant-src-bulkeley-bellingshausen,act_v,discovery_priority,scholarly_monograph,"Bulkeley, Bellingshausen","Bellingshausen and the Russian Antarctic Expedition, 1819-21",Rip Bulkeley,2014,2014,Palgrave Macmillan,,https://link.springer.com/,,First edition,pending,in_copyright,https://link.springer.com/,unverified,candidate,The control on every priority statement the essay makes about 1820.,"Act V's most important secondary source, because the priority question is where this essay is most likely to repeat a national myth by accident.",,
ant-src-debenham-bellingshausen,act_v,discovery_priority,critical_edition,"Debenham, Voyage of Bellingshausen","The Voyage of Captain Bellingshausen to the Antarctic Seas, 1819-1821",Frank Debenham (ed.),1945,1945,"London: Hakluyt Society, two volumes",,https://www.hakluyt.com/,,"Hakluyt Society, Second Series 91-92",pending,in_copyright,https://www.hakluyt.com/,unverified,candidate,The English text through which the essay would read Bellingshausen's sightings.,"A translation is an interpretation. The dependence on Debenham is declared on ant-clm-first-sighting and ant-pri-bellingshausen-1820 (ant-gap-bellingshausen-translation, closed): Act V's priority claims rest on his wording, not a direct reading of the Russian log.",,
ant-src-weddell-voyage-1825,act_v,nineteenth_century_survey,expedition_narrative,"Weddell, Voyage towards the South Pole","A Voyage towards the South Pole, performed in the years 1822-24",James Weddell,1825,1825,"London: Longman, Hurst, Rees, Orme, Brown and Green",,https://www.rmg.co.uk/,,"First edition, 1825",pending,public_domain_text,https://www.rmg.co.uk/,unverified,candidate,"The open-water penetration of the sea later named for him, and a case where one season's ice is mistaken for a permanent condition.",Also a ghost-geography source: Weddell's reported islands need checking against later disproof.,,
ant-src-ross-voyage-1847,act_v,nineteenth_century_survey,expedition_narrative,"Ross, Voyage of Discovery and Research","A Voyage of Discovery and Research in the Southern and Antarctic Regions, during the years 1839-43",James Clark Ross,1847,1847,"London: John Murray, two volumes",,https://www.rmg.co.uk/,,"First edition, 1847",pending,public_domain_text,https://www.rmg.co.uk/,unverified,candidate,"The survey that converts scattered sightings into charted coast, and the disproof of several Wilkes positions.",Ross sailing over land Wilkes had charted is the cleanest single episode joining Act V to Act VI.,,
ant-src-wilkes-narrative-1844,act_v,discovery_priority,expedition_narrative,"Wilkes, Narrative","Narrative of the United States Exploring Expedition, during the years 1838-1842",Charles Wilkes,1844,1844,"Philadelphia: Lea and Blanchard, five volumes and atlas",,https://www.loc.gov/,,"First edition, 1844",pending,public_domain_text,https://www.loc.gov/,unverified,candidate,"A continental claim advanced with charted coast, parts of which were later sailed through.",Wilkes must not be presented simply as wrong. Which of his positions survived and which did not is exactly the distinction Act VI is for.,,
ant-src-gurney-below-convergence,act_v,discovery_priority,scholarly_monograph,"Gurney, Below the Convergence","Below the Convergence: Voyages toward Antarctica, 1699-1839",Alan Gurney,1997,1997,New York: W. W. Norton,,https://wwnorton.com/,,First edition,pending,in_copyright,https://wwnorton.com/,unverified,candidate,Narrative synthesis of the sealing and exploring voyages between Cook and Ross.,Useful for sequence and context; not authoritative enough to settle a priority claim on its own.,,
ant-src-ramsay-no-longer-on-the-map,act_vi,ghost_geography,scholarly_monograph,"Ramsay, No Longer on the Map",No Longer on the Map: Discovering Places That Never Were,Raymond H. Ramsay,1972,1972,New York: Viking Press,,https://archive.org/,,First edition,pending,in_copyright,https://archive.org/,unverified,candidate,A general treatment of cartographic features that were later removed.,"Popular rather than scholarly. Usable for orientation, not as the authority for any individual disproof.",,
ant-src-johnson-phantom-islands,act_vi,ghost_geography,scholarly_monograph,"Johnson, Phantom Islands",Phantom Islands of the Atlantic,Donald S. Johnson,1994,1994,Fredericton: Goose Lane Editions,,https://gooselane.com/,,First edition,pending,in_copyright,https://gooselane.com/,unverified,candidate,Method: how a reported island survives on charts and how it is eventually removed.,"Atlantic rather than Antarctic, and cited for the pattern rather than for any southern feature.",,
ant-src-headland-chronology,act_vi,ghost_geography,reference_work,"Headland, Chronology","A Chronology of Antarctic Exploration: A Synopsis of Events and Activities from the Earliest Times until the International Polar Years, 2007-09",Robert K. Headland,2009,2009,London: Bernard Quaritch,,https://www.quaritch.com/,,First edition,pending,in_copyright,https://www.quaritch.com/,unverified,candidate,The dating spine for Acts V to VII and the first check on any date this programme publishes.,The single most useful reference for the chronology tables. Every date in the dataset should eventually carry a Headland entry or a reason it does not.,,
ant-src-shackleton-south-1919,act_vii,endurance_navigation,expedition_narrative,"Shackleton, South","South: The Story of Shackleton's Last Expedition, 1914-1917",Ernest Shackleton,1919,1919,London: William Heinemann,,https://www.gutenberg.org/,,"First edition, 1919",pending,public_domain_text,https://www.gutenberg.org/,unverified,candidate,"The expedition's own account, including the plan Act VIII contrasts with the drift.","Ghost-written in part and shaped for publication. Positions taken from it are Shackleton's published positions, not Worsley's workings.",,
ant-src-worsley-boat-journey,act_viii,endurance_navigation,expedition_narrative,"Worsley, Shackleton's Boat Journey",Shackleton's Boat Journey,Frank Arthur Worsley,1940,1940,London: Hodder and Stoughton,,https://www.spri.cam.ac.uk/,,"First edition, 1940",pending,in_copyright,https://www.spri.cam.ac.uk/,unverified,candidate,The navigator's own account of the James Caird passage and its observational constraints.,"Written twenty-five years after the events. Where it conflicts with the contemporary log the log wins, and the essay must say which it is using.",,
ant-src-worsley-endurance-1931,act_viii,endurance_navigation,expedition_narrative,"Worsley, Endurance",Endurance: An Epic of Polar Adventure,Frank Arthur Worsley,1931,1931,London: Philip Allan,,https://www.spri.cam.ac.uk/,,"First edition, 1931",pending,in_copyright,https://www.spri.cam.ac.uk/,unverified,candidate,"Worsley's fuller account of the drift year, including the ship's loss.",The reported sinking position enters the literature through accounts of this kind; the coordinate's provenance is exactly what the Coda is about.,,
ant-src-alexander-endurance,act_viii,endurance_navigation,scholarly_monograph,"Alexander, The Endurance",The Endurance: Shackleton's Legendary Antarctic Expedition,Caroline Alexander,1998,1998,"New York: Alfred A. Knopf, with the Hurley photographs",,https://www.spri.cam.ac.uk/,,First edition,pending,in_copyright,https://www.spri.cam.ac.uk/,unverified,candidate,Reliable modern narrative and the standard account of the photographic record.,Narrative context only. No position in the dataset should rest on it.,,
ant-src-cotter-nautical-astronomy,act_viii,coordinate_uncertainty,scholarly_monograph,"Cotter, Nautical Astronomy",A History of Nautical Astronomy,Charles H. Cotter,1968,1968,London: Hollis and Carter,,https://archive.org/,,First edition,pending,in_copyright,https://archive.org/,unverified,candidate,"What a sight, a chronometer and a dead-reckoning run could and could not deliver in 1915.",The technical basis for the Coda's uncertainty argument. Needed before any error figure is published.,,
ant-src-endurance22-report,coda,coordinate_uncertainty,expedition_report,Endurance22,Endurance22 expedition: discovery of the wreck of Endurance,Falklands Maritime Heritage Trust,2022,2022,Expedition announcement and associated reporting,,https://endurance22.org/,,Web publication,pending,rights_review_required,https://endurance22.org/,unverified,candidate,The 2022 location and the search that produced it.,"The expedition site returned 403 to this audit, so nothing here is transcribed from it. The Coda's comparison of the 1915 and 2022 positions is unsupported until a citable published position and its uncertainty are read.",,
ant-src-hsm-93,coda,coordinate_uncertainty,catalogue_record,Antarctic Treaty HSM 93,Historic Site and Monument No. 93: Wreck of Endurance,Antarctic Treaty Consultative Meeting,2022,2022,"Antarctic Treaty Secretariat, HSM database",Antarctic Treaty Secretariat,https://ats.aq/,https://ats.aq/devAS/Meetings/Measure/768,Database entry,"Measure 18 (2022), ATCM XLIV Berlin, Annex (HSM 93); amended by Measure 18 (2024), ATCM 46 Kochi",rights_review_required,https://www.ats.aq/,verified,candidate,The designated coordinates as an official record rather than a news figure.,"The devph HSM-database entry (187) would not load during the audit, but the underlying treaty instruments do: Measure 18 (2022), ats.aq/devAS/Meetings/Measure/768, gives ""68°44′21″ S, 52°19′47″ W"" at 3,008m depth with a 500m radius (""all artefacts contained within or formerly contained within the ship, which may be lying on the seabed in or near the wreck within a 500m radius""). Measure 18 (2024), ats.aq/devAS/Meetings/Measure/830, amends the radius to 1500m; the coordinates are unchanged. Both fetched and read 2026-08-27. This is the citable treaty-instrument figure ant-gap-endurance22-position asked for, not a news report''s paraphrase of it.",,
ant-src-gregory-ell-historical-gis,cross_cutting,methodology,scholarly_monograph,"Gregory and Ell, Historical GIS","Historical GIS: Technologies, Methodologies and Scholarship",Ian N. Gregory and Paul S. Ell,2007,2007,Cambridge University Press,,https://www.cambridge.org/,,First edition,pending,in_copyright,https://www.cambridge.org/,unverified,candidate,Method reference for representing incomplete and uncertain historical geography.,Cited for the data model rather than for Antarctica.,,
ant-src-knowles-placing-history,cross_cutting,methodology,scholarly_monograph,"Knowles, Placing History","Placing History: How Maps, Spatial Data, and GIS Are Changing Historical Scholarship",Anne Kelly Knowles (ed.),2008,2008,Redlands: ESRI Press,,https://www.esri.com/,,First edition,pending,in_copyright,https://www.esri.com/,unverified,candidate,Precedent for presenting uncertainty as a finding rather than as a defect.,Supports the Ghost Geographies presentation pattern that ANT-7 is meant to generalise.,,
ant-src-rmg-ice-chart-1910,act_vii,cumulative_synthesis,catalogue_record,"RMG record, 1910 ice chart","Royal Museums Greenwich collections record for the southern hemisphere ice chart, G288:1/2(2)",Royal Museums Greenwich,accessed 2026-08-23,2026,Museum collections catalogue,"National Maritime Museum, Greenwich, London",https://www.rmg.co.uk/,https://www.rmg.co.uk/collections/objects/rmgc-object-540947,Online catalogue record,"Catalogue record rmgc-object-540947, fields title, object ID, creator, date, scale, credit line",rights_review_required,https://www.rmg.co.uk/collections/objects/rmgc-object-540947,verified,source_checked,The evidence for what the 1910 chart compiles and for its Crown copyright credit line.,"A catalogue record is a source in its own right and is recorded as one, because it is the only thing about this object that has actually been read. It is not a substitute for the sheet.",,
ant-src-rmg-cook-chart-1777,act_iv,cook_absence,catalogue_record,"RMG record, 1777 Cook chart","Royal Museums Greenwich collections record for the 1777 southern hemisphere chart, PAI4123",Royal Museums Greenwich,accessed 2026-08-23,2026,Museum collections catalogue,"National Maritime Museum, Greenwich, London",https://www.rmg.co.uk/,https://www.rmg.co.uk/collections/objects/rmgc-object-154063,Online catalogue record,"Catalogue record rmgc-object-154063, fields title, accession number, engraver, date, medium, dimensions",rights_review_required,https://www.rmg.co.uk/collections/objects/rmgc-object-154063,verified,source_checked,"Establishes the chart's engraver, date and publication context, and that no reuse licence is stated.","Read during the ANT-1 audit. The record names Whitchurch as engraver, which the essay should not silently replace with Cook's name.",,
ant-src-bergman-stuart-location,act_viii,endurance_navigation,journal_article,"Bergman and Stuart, Location of Endurance",On the Location of Shackleton's Vessel Endurance,Lars Bergman and Robin G. Stuart,September 2018,2018,"The Journal of Navigation, Cambridge University Press",,https://www.cambridge.org/,https://www.cambridge.org/core/journals/journal-of-navigation/article/abs/on-the-location-of-shackletons-vessel-endurance/5F1AD80B3445C2653F1C24EAD4B7460D,Journal article,pending,in_copyright,https://www.cambridge.org/,partially_verified,candidate,"The reviewed recomputation of Worsley's observations, and the source the sinking position must be cited from.","The abstract was located during the ANT-9 audit; the article has not been read. It reanalyses Worsley's theodolite and sextant observations from his logbook and reports a sinking position of 68 degrees 39 minutes 30 seconds south, 52 degrees 26 minutes 30 seconds west. This supersedes citing a published narrative for that coordinate, and it means the logbook is reachable through the literature rather than only through an archive visit.",,
ant-src-bergman-chronometer,coda,coordinate_uncertainty,journal_article,"Bergman, Mearns and Stuart, Chronometer error","Influence of chronometer error uncertainties on the Longitude of Shackleton's vessel, Endurance","Lars Bergman, David L. Mearns and Robin G. Stuart",undated,2021,"The Journal of Navigation, Cambridge University Press",,https://www.cambridge.org/,https://www.cambridge.org/core/journals/journal-of-navigation/article/abs/influence-of-chronometer-error-uncertainties-on-the-longitude-of-shackletons-vessel-endurance/9A0C79B045AEC8F65005DC5CB04C0AC3,Journal article,pending,in_copyright,https://www.cambridge.org/,partially_verified,candidate,The uncertainty half of the Coda: what a chronometer error does to a longitude.,"Located by search, not read. The year is recorded as an estimate and must be corrected when the article is opened. No uncertainty figure may be published from this project until it is.",,
ant-src-polar-record-why-sink,act_viii,endurance_navigation,journal_article,Why did Endurance sink?,Why did Endurance sink?,Not recorded,2025,2025,"Polar Record, volume 61, Cambridge University Press",,https://www.cambridge.org/,https://www.cambridge.org/core/journals/polar-record/article/why-did-endurance-sink/6CC2C2D56087035A94DEB50930B81980,Journal article,pending,in_copyright,https://www.cambridge.org/,unverified,candidate,"Recent scholarship on the loss itself, held in case Act VIII needs it.",Located by search; authors not recorded because the listing did not give them. Peripheral to the navigation argument and included so the act does not overlook current work.,,
ant-src-rmg-ice-chart-1874,act_vii,cumulative_synthesis,catalogue_record,"RMG record, 1874 ice chart","Royal Museums Greenwich collections record for the 1874 southern hemisphere ice chart, NTY288:1/2(1)",Royal Museums Greenwich,accessed 2026-08-23,2026,Museum collections catalogue,"National Maritime Museum, Greenwich, London",https://www.rmg.co.uk/,https://www.rmg.co.uk/collections/objects/rmgc-object-555864,Online catalogue record,"Catalogue record rmgc-object-555864, fields title, object ID, creators, dates, scale, dimensions, credit line",rights_review_required,https://www.rmg.co.uk/collections/objects/rmgc-object-555864,verified,source_checked,"The evidence that the cumulative chart was revised, and the voyage list it carried before Scott and Shackleton.",Read during the ANT-8 audit. The 1874 title lists Cook through Ross and adds Towson's papers on icebergs 1855-59; the 1910 sheet adds Scott 1901-4 and Shackleton 1908-9. Two catalogue titles are therefore enough to show a synthesis being revised rather than merely accumulating.,,
ant-src-rmg-cook-chart-g201,act_iv,cook_absence,catalogue_record,"RMG record, Cook chart G201:3/3","Royal Museums Greenwich collections record for the 1777 southern hemisphere chart, G201:3/3",Royal Museums Greenwich,accessed 2026-08-23,2026,Museum collections catalogue,"National Maritime Museum, Greenwich, London",https://www.rmg.co.uk/,https://www.rmg.co.uk/collections/objects/rmgc-object-543571,Online catalogue record,"Catalogue record rmgc-object-543571, fields title, object ID, creators, date, dimensions, credit line",rights_review_required,https://www.rmg.co.uk/collections/objects/rmgc-object-543571,verified,source_checked,"The second Greenwich impression of the 1777 chart, and the attribution the other record does not carry.","Read during the ANT-5 audit. This record names Johann George Forster alongside Whitchurch, which PAI4123 does not, and gives different measurements. Two impressions of one plate, catalogued differently, which is why the essay has to name the copy it reproduces.",,
ant-src-loc-wilkes-atlas,act_v,discovery_priority,catalogue_record,"LoC record, US Exploring Expedition atlas",Library of Congress record for the Atlas of the Narrative of the United States Exploring Expedition,"Library of Congress, Geography and Map Division",accessed 2026-08-23,2026,"Atlas published Philadelphia: C. Sherman, 1844; digitised copy 3 at shelf g9230m.gct00224",Library of Congress,https://www.loc.gov/,https://www.loc.gov/item/2010589747/,Online catalogue record,Plate No. 70,no_known_restrictions,https://www.loc.gov/,verified,candidate,Locates the Wilkes atlas and its map of the Antarctic continent in a named holding with a digitised copy.,"The plate has been examined (ant-obj-wilkes-antarctic-chart): No. 70, “Chart of the Antarctic Continent Shewing the Icy Barrier Attached to it... 1840.” Termination Land is named on it and its approximate position is now recorded on the object row. The LoC site itself returns a bot-detection challenge from this environment; examined via the American Geographical Society Library’s digitised copy of the same plate instead (University of Wisconsin-Milwaukee Libraries, Digital ID am004598).",,
ant-src-durville-voyage,act_v,nineteenth_century_survey,expedition_narrative,"Dumont d'Urville, Voyage au Pole Sud",Voyage au Pole Sud et dans l'Oceanie sur les corvettes l'Astrolabe et la Zelee,Jules Sebastien Cesar Dumont d'Urville,1841-1854,1841,Paris: Gide; narrative volumes with an accompanying atlas,"Heidelberg University Library (atlas volumes); Gallica (text volumes, unverified)",https://digi.ub.uni-heidelberg.de/diglit/dumont1841ga,https://doi.org/10.11588/diglit.20227,Atlas pittoresque T. 1-2 digitised at Heidelberg (confirmed); narrative volumes and Atlas hydrographique not checked,"Atlas pittoresque, T. 2, pl. 168-172",public_domain_text,https://gallica.bnf.fr/,partially_verified,candidate,"The French contribution to the 1840 season, and a third national account of the same weeks of coast.","Gallica blocks this environment; Heidelberg holds its own free digitisation instead (ant-obj-durville-atlas) and was used. The atlas pittoresque volumes are confirmed; the narrative text volumes and the Atlas hydrographique (needed for the actual coastline chart, as opposed to the illustrated landing scenes) were not checked against Heidelberg''s holdings and may not be there at all.",,
ant-src-mill-siege-south-pole,act_vii,cumulative_synthesis,scholarly_monograph,"Mill, The Siege of the South Pole",The Siege of the South Pole: The Story of Antarctic Exploration,Hugh Robert Mill,1905,1905,London: Alston Rivers,,https://archive.org/,,"First edition, 1905",pending,public_domain_text,https://archive.org/,unverified,candidate,"A synthesis of Antarctic knowledge written on the eve of the Heroic Age, and a textual counterpart to the cumulative chart.","Useful precisely because of its date: it shows what a well-informed reader could know in 1905, which is the state the 1910 chart then revises.",,
ant-src-scott-voyage-discovery,act_vii,cumulative_synthesis,expedition_narrative,"Scott, The Voyage of the Discovery",The Voyage of the Discovery,Robert Falcon Scott,1905,1905,"London: Smith, Elder and Co., two volumes",,https://archive.org/,,"First edition, 1905",pending,public_domain_text,https://archive.org/,unverified,candidate,One of the two voyages the 1910 chart adds to the 1874 compilation.,Selected for cartographic contribution rather than fame: the Discovery survey is one of the two additions that distinguish the 1910 sheet from its predecessor.,,
ant-src-shackleton-heart-antarctic,act_vii,cumulative_synthesis,expedition_narrative,"Shackleton, The Heart of the Antarctic",The Heart of the Antarctic,Ernest Shackleton,1909,1909,"London: William Heinemann, two volumes",,https://archive.org/,,"First edition, 1909",pending,public_domain_text,https://archive.org/,unverified,candidate,"The other voyage the 1910 chart adds, and the immediate predecessor of the Endurance plan.","The Nimrod expedition of 1908-9, dated on the 1910 chart's own title.",,
ant-src-mawson-home-blizzard,act_vii,cumulative_synthesis,expedition_narrative,"Mawson, The Home of the Blizzard",The Home of the Blizzard,Douglas Mawson,1915,1915,"London: William Heinemann, two volumes",,https://archive.org/,,"First edition, 1915",pending,public_domain_text,https://archive.org/,unverified,candidate,Held as a candidate for Act VII on cartographic grounds; the coast charted by the Australasian expedition postdates the 1910 sheet.,"Included conditionally. If the act cannot show what his survey added to the map, he should be cut rather than kept for fame.",,
ant-src-bergman-stuart-weddell-navigation,act_viii,endurance_navigation,journal_article,"Bergman and Stuart, Weddell Sea pack ice navigation",Navigation of the Shackleton Expedition on the Weddell Sea pack ice,Lars Bergman and Robin G Stuart,2018,2018,Records of the Canterbury Museum 32: 67-98,Canterbury Museum,https://www.canterburymuseum.com/,https://cms.canterburymuseum.com/assets/Navigation-of-the-Shackleton-Expedition-on-the-Weddell-Sea-pack-ice.pdf,Open access PDF,pp. 67-98,public_domain_text,https://cms.canterburymuseum.com/assets/Navigation-of-the-Shackleton-Expedition-on-the-Weddell-Sea-pack-ice.pdf,verified,source_checked,"The transcription of Worsley's workbooks that makes the archive reachable through the literature: dated log entries, the besetment date, and the archival accession numbers of the workbooks themselves.","Read in full 2026-08-27, unlike the companion Journal of Navigation paper (ant-src-bergman-stuart-location), which remains abstract-only. Gives the exact archival citation for the primary workbooks, correcting an earlier, unverified attribution to the Scott Polar Research Institute: both are at Canterbury Museum, Christchurch – ""Worsley FA. 1915. Workbook for log of S.Y. Endurance from 1 August 1914 to 30 August 1915. Canterbury Museum, 2001.177.1"" and ""Worsley FA. 1916. Workbook for log of Endurance and James Caird from 30 August 1915 to 13 May 1916. Canterbury Museum, 2001.177.20."" SPRI holds related photographic material (credited on Fig. 1: Frank Hurley, 1915, ""Scott Polar Research Institute, University of Cambridge, with permission"") and Worsley's later published memoirs (ant-src-worsley-endurance-1931, ant-src-worsley-boat-journey), not the workbooks themselves. The log entry for 19 January 1915 (Worsley 1915: 64) reads ""Fast in pack"", repeated daily until 2 February 1915 – not 18 January, which is not this paper's reading. No coordinate for the moment of besetment is given in this paper; the dated positions it does transcribe are later in the drift (24 and 27 October, 21 November 1915).",,
