attestation_id,place_id,source_id,attestation_class,name_original,script,language,name_transliterated,name_normalized,locator_type,locator,source_lon,source_lat,confidence,review_state,normalization_method,reviewer,review_date,last_verified,note
att-0001,plc-sarmizegetusa-regia,src-ptolemy-geographia,variant,pending,grek,grc,Zarmizegethousa,Sarmizegetusa Regia,none,pending,,,medium,raw,llm_assisted,,,,"The royal seat, basileion of Decebalus. Greek original outstanding: Trench A prints only a Latin transliteration."
att-0002,plc-ulpia-traiana-sarmizegetusa,src-tabula-peutingeriana,variant,Sarmategte,latn,la,,Sarmizegetusa,none,pending,,,medium,raw,llm_assisted,,,,"A road station on the Tibiscum line - the colonia, not Regia."
att-0003,plc-ulpia-traiana-sarmizegetusa,src-hereford-mappa,source_silent,,,,,,none,pending,,,medium,raw,llm_assisted,,,,In coverage and still unnamed: the region has dissolved into Gothia and Scythia.
att-0004,plc-ulpia-traiana-sarmizegetusa,src-vesconte-portolan,extra_muros,,,,,,none,pending,,,high,raw,llm_assisted,,,,A portolan's scope is the coastline; an inland ruin lies outside it.
att-0005,plc-ulpia-traiana-sarmizegetusa,src-honterus-chorographia,survival_unknown,,,,,,none,pending,,,low,raw,llm_assisted,,,,The village existed; whether the single impression marks it cannot be checked. See vd-honterus-impression.
att-0006,plc-sarmizegetusa-regia,src-ortelius-parergon,reconstructed,Zarmizegethusa regia,latn,la,,Sarmizegetusa Regia,none,pending,,,medium,raw,llm_assisted,,,,An antiquarian restores the royal seat to a modern sheet from the ancient authors.
att-0007,plc-ulpia-traiana-sarmizegetusa,src-cantacuzino-wallachia,extra_muros,,,,,,none,pending,,,high,raw,llm_assisted,,,,The map covers Wallachia; Hateg country is outside its scope.
att-0008,plc-ulpia-traiana-sarmizegetusa,src-cantemir-moldavia,extra_muros,,,,,,none,pending,,,high,raw,llm_assisted,,,,The map covers Moldavia only.
att-0009,plc-ulpia-traiana-sarmizegetusa,src-iosephina-survey,alternative,Varhely,latn,hu,,Varhely,none,pending,,,medium,raw,llm_assisted,,,,The Hungarian name - castle place - standing over the colonia's ruins.
att-0010,plc-ulpia-traiana-sarmizegetusa,src-russian-staff-1835,extra_muros,,,,,,none,pending,,,high,raw,llm_assisted,,,,The Russian sheets stop at the mountains.
att-0011,plc-ulpia-traiana-sarmizegetusa,src-szathmari-charta,extra_muros,,,,,,none,pending,,,high,raw,llm_assisted,,,,The Charta covers the Principalities; Hateg country lies outside them.
att-0012,plc-apulum,src-ptolemy-geographia,variant,pending,grek,grc,Apoulon,Apulum,none,pending,,,medium,raw,llm_assisted,,,,A Dacian name in Greek dress. Greek original outstanding.
att-0013,plc-apulum,src-tabula-peutingeriana,variant,Apula,latn,la,,Apulum,none,pending,,,medium,raw,llm_assisted,,,,The vulgar spelling of a road-book hand.
att-0014,plc-apulum,src-hereford-mappa,source_silent,,,,,,none,pending,,,medium,raw,llm_assisted,,,,The map covers the region and names no town of this country.
att-0015,plc-apulum,src-vesconte-portolan,extra_muros,,,,,,none,pending,,,high,raw,llm_assisted,,,,Far inland of a coastal chart's scope.
att-0016,plc-apulum,src-honterus-chorographia,alternative,Weissenburg,latn,de,,Weissenburg,none,pending,,,medium,raw,llm_assisted,,,,The Saxon name; the Slavic Balgrad lies beneath it.
att-0017,plc-apulum,src-ortelius-parergon,reconstructed,Apulum,latn,la,,Apulum,none,pending,,,medium,raw,llm_assisted,,,,The legion town restored to the sheet.
att-0018,plc-apulum,src-cantacuzino-wallachia,extra_muros,,,,,,none,pending,,,high,raw,llm_assisted,,,,Transylvania is not on this map.
att-0019,plc-apulum,src-cantemir-moldavia,extra_muros,,,,,,none,pending,,,high,raw,llm_assisted,,,,The map covers Moldavia only.
att-0020,plc-apulum,src-iosephina-survey,exact,Karlsburg,latn,de,,Karlsburg,none,pending,,,medium,raw,llm_assisted,,,,The citadel cut for Charles VI renames the town.
att-0021,plc-apulum,src-russian-staff-1835,extra_muros,,,,,,none,pending,,,high,raw,llm_assisted,,,,Beyond the Russian survey.
att-0022,plc-apulum,src-szathmari-charta,extra_muros,,,,,,none,pending,,,high,raw,llm_assisted,,,,Transylvania lies outside the Charta.
att-0023,plc-napoca,src-ptolemy-geographia,variant,pending,grek,grc,Napouka,Napoca,none,pending,,,medium,raw,llm_assisted,,,,A Dacian name in Greek transliteration. Greek original outstanding.
att-0024,plc-napoca,src-tabula-peutingeriana,exact,Napoca,latn,la,,Napoca,none,pending,,,medium,raw,llm_assisted,,,,A station on the road to Porolissum.
att-0025,plc-napoca,src-hereford-mappa,source_silent,,,,,,none,pending,,,medium,raw,llm_assisted,,,,The map has stopped looking at this country.
att-0026,plc-napoca,src-vesconte-portolan,extra_muros,,,,,,none,pending,,,high,raw,llm_assisted,,,,No rhumb line reaches the Somes.
att-0027,plc-napoca,src-honterus-chorographia,alternative,Clausenburg,latn,de,,Klausenburg,none,pending,,,medium,raw,llm_assisted,,,,"The Saxon town, drawn by a man who knew it."
att-0028,plc-napoca,src-ortelius-parergon,reconstructed,Napoca,latn,la,,Napoca,none,pending,,,medium,raw,llm_assisted,,,,Restored from Ptolemy and the itineraries.
att-0029,plc-napoca,src-cantacuzino-wallachia,extra_muros,,,,,,none,pending,,,high,raw,llm_assisted,,,,Wallachia only.
att-0030,plc-napoca,src-cantemir-moldavia,extra_muros,,,,,,none,pending,,,high,raw,llm_assisted,,,,Moldavia only.
att-0031,plc-napoca,src-iosephina-survey,alternative,Klausenburg,latn,de,,Klausenburg,none,pending,,,medium,raw,llm_assisted,,,,"German official name. Materially different from Napoca, not a variant of it."
att-0032,plc-napoca,src-iosephina-survey,alternative,Kolozsvar,latn,hu,,Kolozsvar,none,pending,,,medium,raw,llm_assisted,,,,Hungarian name printed beside the German on the same sheet.
att-0033,plc-napoca,src-russian-staff-1835,extra_muros,,,,,,none,pending,,,high,raw,llm_assisted,,,,Beyond the Russian survey.
att-0034,plc-napoca,src-szathmari-charta,extra_muros,,,,,,none,pending,,,high,raw,llm_assisted,,,,North of the Charta.
att-0035,plc-drobeta,src-ptolemy-geographia,source_silent,,,,,,none,pending,,,low,raw,llm_assisted,,,,The catalogue survives complete and no entry matches securely. See vd-drobeta-ptolemy.
att-0036,plc-drobeta,src-tabula-peutingeriana,variant,Drubetis,latn,la,,Drobeta,none,pending,,,medium,raw,llm_assisted,,,,First station north of the river on the Lederata road.
att-0037,plc-drobeta,src-hereford-mappa,source_silent,,,,,,none,pending,,,medium,raw,llm_assisted,,,,The crossing survives only in the authors.
att-0038,plc-drobeta,src-vesconte-portolan,extra_muros,,,,,,none,pending,,,high,raw,llm_assisted,,,,Far upstream of any pilot's chart.
att-0039,plc-drobeta,src-honterus-chorographia,extra_muros,,,,,,none,pending,,,high,raw,llm_assisted,,,,Oltenia lies outside the Transylvanian survey.
att-0040,plc-drobeta,src-ortelius-parergon,reconstructed,Drubetis,latn,la,,Drobeta,none,pending,,,medium,raw,llm_assisted,,,,Restored to the sheet with Trajan's bridge drawn across the Danube as Pons Traiani.
att-0041,plc-drobeta,src-cantacuzino-wallachia,alternative,Severin,latn,ro,,Severin,none,pending,,,medium,raw,llm_assisted,,,,The Tower of Severin remembered as a ruin; the Banat of Severin attested.
att-0042,plc-drobeta,src-cantemir-moldavia,extra_muros,,,,,,none,pending,,,high,raw,llm_assisted,,,,The map covers Moldavia only.
att-0043,plc-drobeta,src-iosephina-survey,extra_muros,,,,,,none,pending,,,high,raw,llm_assisted,,,,Beyond the Carpathian ring.
att-0044,plc-drobeta,src-russian-staff-1835,exact,Turnu Severin,latn,ro,,Turnu Severin,none,pending,,,low,raw,llm_assisted,,,,The survey straddles the town's founding in 1833.
att-0045,plc-drobeta,src-szathmari-charta,variant,Turnu-Severinu,latn,ro,,Turnu Severin,none,pending,,,medium,raw,llm_assisted,,,,A town barely thirty years old when printed.
att-0046,plc-ulpia-traiana-sarmizegetusa,src-secret-century,variant,Sarmizegetusa,latn,ro,,Sarmizegetusa,sheet,pending,,,medium,raw,llm_assisted,,,,The classified sheets carry the colonia's village under the ancient name; Gradistea (Varhely) was formally renamed Sarmizegetusa in 1941.
att-0047,plc-apulum,src-secret-century,alternative,Alba Iulia,latn,ro,,Alba Iulia,sheet,pending,,,medium,raw,llm_assisted,,,,"Standardised Romanian form on the artillery sheets, materially different from Apulum rather than a variant of it."
att-0048,plc-napoca,src-secret-century,alternative,Cluj,latn,ro,,Cluj,sheet,pending,,,medium,raw,llm_assisted,,,,Plain Cluj on the classified sheets: the Roman name is not re-attached until the 1974 decree.
att-0049,plc-drobeta,src-secret-century,alternative,Turnu Severin,latn,ro,,Turnu Severin,sheet,pending,,,medium,raw,llm_assisted,,,,"A county seat on the artillery sheets, before the 1972 hyphenation stitched the Roman name back on."
att-0050,plc-pleiades-206895,src-pleiades-gazetteer,textual_only,Afumaţi,latn,und,,Afumaţi,section,https://pleiades.stoa.org/places/206895,23.47618,44.00204,high,normalized,imported,,,,Pleiades published display label and representative point; this row does not claim that the label reproduces an ancient witness spelling.
att-0051,plc-pleiades-206896,src-pleiades-gazetteer,textual_only,Aghireşcu,latn,und,,Aghireşcu,section,https://pleiades.stoa.org/places/206896,23.241694,46.872513,high,normalized,imported,,,,Pleiades published display label and representative point; this row does not claim that the label reproduces an ancient witness spelling.
att-0052,plc-pleiades-206932,src-pleiades-gazetteer,textual_only,Aradul Nou,latn,und,,Aradul Nou,section,https://pleiades.stoa.org/places/206932,21.315096,46.146819,high,normalized,imported,,,,Pleiades published display label and representative point; this row does not claim that the label reproduces an ancient witness spelling.
att-0053,plc-pleiades-206951,src-pleiades-gazetteer,textual_only,Băiţa,latn,und,,Băiţa,section,https://pleiades.stoa.org/places/206951,22.892712,46.032484,high,normalized,imported,,,,Pleiades published display label and representative point; this row does not claim that the label reproduces an ancient witness spelling.
att-0054,plc-pleiades-206956,src-pleiades-gazetteer,textual_only,Balta Verde,latn,und,,Balta Verde,section,https://pleiades.stoa.org/places/206956,22.598167,44.345407,high,normalized,imported,,,,Pleiades published display label and representative point; this row does not claim that the label reproduces an ancient witness spelling.
att-0055,plc-pleiades-206971,src-pleiades-gazetteer,textual_only,Bocşa,latn,und,,Bocşa,section,https://pleiades.stoa.org/places/206971,21.719627,45.371256,high,normalized,imported,,,,Pleiades published display label and representative point; this row does not claim that the label reproduces an ancient witness spelling.
att-0056,plc-pleiades-206988,src-pleiades-gazetteer,textual_only,Brucla,latn,und,,Brucla,section,https://pleiades.stoa.org/places/206988,23.729304,46.312309,high,normalized,imported,,,,Pleiades published display label and representative point; this row does not claim that the label reproduces an ancient witness spelling.
att-0057,plc-pleiades-206998,src-pleiades-gazetteer,textual_only,Bulci,latn,und,,Bulci,section,https://pleiades.stoa.org/places/206998,22.105561,46.004728,high,normalized,imported,,,,Pleiades published display label and representative point; this row does not claim that the label reproduces an ancient witness spelling.
att-0058,plc-pleiades-206999,src-pleiades-gazetteer,textual_only,Bumbeşti,latn,und,,Bumbeşti,section,https://pleiades.stoa.org/places/206999,23.38156,45.178701,high,normalized,imported,,,,Pleiades published display label and representative point; this row does not claim that the label reproduces an ancient witness spelling.
att-0059,plc-pleiades-207010,src-pleiades-gazetteer,textual_only,Căraciu,latn,und,,Căraciu,section,https://pleiades.stoa.org/places/207010,22.704309,46.175209,high,normalized,imported,,,,Pleiades published display label and representative point; this row does not claim that the label reproduces an ancient witness spelling.
att-0060,plc-pleiades-207023,src-pleiades-gazetteer,textual_only,Cenad,latn,und,,Cenad,section,https://pleiades.stoa.org/places/207023,20.585818,46.138105,high,normalized,imported,,,,Pleiades published display label and representative point; this row does not claim that the label reproduces an ancient witness spelling.
att-0061,plc-pleiades-207026,src-pleiades-gazetteer,textual_only,Cetate,latn,und,,Cetate,section,https://pleiades.stoa.org/places/207026,23.051775,44.106611,high,normalized,imported,,,,Pleiades published display label and representative point; this row does not claim that the label reproduces an ancient witness spelling.
att-0062,plc-pleiades-207030,src-pleiades-gazetteer,textual_only,Cheţani,latn,und,,Cheţani,section,https://pleiades.stoa.org/places/207030,24.025731,46.464413,high,normalized,imported,,,,Pleiades published display label and representative point; this row does not claim that the label reproduces an ancient witness spelling.
att-0063,plc-pleiades-207052,src-pleiades-gazetteer,textual_only,Criciova,latn,und,,Criciova,section,https://pleiades.stoa.org/places/207052,22.066639,45.633278,high,normalized,imported,,,,Pleiades published display label and representative point; this row does not claim that the label reproduces an ancient witness spelling.
att-0064,plc-pleiades-207074,src-pleiades-gazetteer,textual_only,Denta,latn,und,,Denta,section,https://pleiades.stoa.org/places/207074,21.260402,45.360397,high,normalized,imported,,,,Pleiades published display label and representative point; this row does not claim that the label reproduces an ancient witness spelling.
att-0065,plc-pleiades-207075,src-pleiades-gazetteer,textual_only,Desa,latn,und,,Desa,section,https://pleiades.stoa.org/places/207075,23.033899,43.866568,high,normalized,imported,,,,Pleiades published display label and representative point; this row does not claim that the label reproduces an ancient witness spelling.
att-0066,plc-pleiades-207087,src-pleiades-gazetteer,textual_only,Domaşnea,latn,und,,Domaşnea,section,https://pleiades.stoa.org/places/207087,22.316725,45.083198,high,normalized,imported,,,,Pleiades published display label and representative point; this row does not claim that the label reproduces an ancient witness spelling.
att-0067,plc-pleiades-207093,src-pleiades-gazetteer,textual_only,Dorticum,latn,und,,Dorticum,section,https://pleiades.stoa.org/places/207093,22.736228,44.19265,high,normalized,imported,,,,Pleiades published display label and representative point; this row does not claim that the label reproduces an ancient witness spelling.
att-0068,plc-pleiades-207094,src-pleiades-gazetteer,textual_only,Dragu,latn,und,,Dragu,section,https://pleiades.stoa.org/places/207094,23.391696,47.0382,high,normalized,imported,,,,Pleiades published display label and representative point; this row does not claim that the label reproduces an ancient witness spelling.
att-0069,plc-pleiades-207119,src-pleiades-gazetteer,textual_only,Foeni,latn,und,,Foeni,section,https://pleiades.stoa.org/places/207119,20.875371,45.497006,high,normalized,imported,,,,Pleiades published display label and representative point; this row does not claim that the label reproduces an ancient witness spelling.
att-0070,plc-pleiades-207129,src-pleiades-gazetteer,textual_only,Germisara,latn,und,,Germisara,section,https://pleiades.stoa.org/places/207129,23.164363,45.897054,high,normalized,imported,,,,Pleiades published display label and representative point; this row does not claim that the label reproduces an ancient witness spelling.
att-0071,plc-pleiades-207133,src-pleiades-gazetteer,textual_only,Gherla,latn,und,,Gherla,section,https://pleiades.stoa.org/places/207133,23.89699518491554,47.02427563044873,high,normalized,imported,,,,Pleiades published display label and representative point; this row does not claim that the label reproduces an ancient witness spelling.
att-0072,plc-pleiades-207145,src-pleiades-gazetteer,textual_only,Gornea,latn,und,,Gornea,section,https://pleiades.stoa.org/places/207145,21.855154,44.680635,high,normalized,imported,,,,Pleiades published display label and representative point; this row does not claim that the label reproduces an ancient witness spelling.
att-0073,plc-pleiades-207242,src-pleiades-gazetteer,textual_only,Lipova,latn,und,,Lipova,section,https://pleiades.stoa.org/places/207242,21.684316,46.081725,high,normalized,imported,,,,Pleiades published display label and representative point; this row does not claim that the label reproduces an ancient witness spelling.
att-0074,plc-pleiades-207264,src-pleiades-gazetteer,textual_only,Mănărade,latn,und,,Mănărade,section,https://pleiades.stoa.org/places/207264,23.970139,46.141675,high,normalized,imported,,,,Pleiades published display label and representative point; this row does not claim that the label reproduces an ancient witness spelling.
att-0075,plc-pleiades-207276,src-pleiades-gazetteer,textual_only,Mercurea,latn,und,,Mercurea,section,https://pleiades.stoa.org/places/207276,23.793973,45.89065,high,normalized,imported,,,,Pleiades published display label and representative point; this row does not claim that the label reproduces an ancient witness spelling.
att-0076,plc-pleiades-207329,src-pleiades-gazetteer,textual_only,Palatca,latn,und,,Palatca,section,https://pleiades.stoa.org/places/207329,23.988306,46.840774,high,normalized,imported,,,,Pleiades published display label and representative point; this row does not claim that the label reproduces an ancient witness spelling.
att-0077,plc-pleiades-207354,src-pleiades-gazetteer,textual_only,Pojejena de Sus,latn,und,,Pojejena de Sus,section,https://pleiades.stoa.org/places/207354,21.580472,44.760152,high,normalized,imported,,,,Pleiades published display label and representative point; this row does not claim that the label reproduces an ancient witness spelling.
att-0078,plc-pleiades-207357,src-pleiades-gazetteer,textual_only,Pons Augusti,latn,und,,Pons Augusti,section,https://pleiades.stoa.org/places/207357,22.518892,45.504578,high,normalized,imported,,,,Pleiades published display label and representative point; this row does not claim that the label reproduces an ancient witness spelling.
att-0079,plc-pleiades-207366,src-pleiades-gazetteer,textual_only,Prilipăţ,latn,und,,Prilipăţ,section,https://pleiades.stoa.org/places/207366,22.063852,44.931353,high,normalized,imported,,,,Pleiades published display label and representative point; this row does not claim that the label reproduces an ancient witness spelling.
att-0080,plc-pleiades-207367,src-pleiades-gazetteer,textual_only,Pui,latn,und,,Pui,section,https://pleiades.stoa.org/places/207367,23.092043,45.518158,high,normalized,imported,,,,Pleiades published display label and representative point; this row does not claim that the label reproduces an ancient witness spelling.
att-0081,plc-pleiades-207372,src-pleiades-gazetteer,textual_only,Răcari,latn,und,,Răcari,section,https://pleiades.stoa.org/places/207372,23.571841,44.514002,high,normalized,imported,,,,Pleiades published display label and representative point; this row does not claim that the label reproduces an ancient witness spelling.
att-0082,plc-pleiades-207393,src-pleiades-gazetteer,textual_only,Rocşoreni,latn,und,,Rocşoreni,section,https://pleiades.stoa.org/places/207393,23.116614,44.516565,high,normalized,imported,,,,Pleiades published display label and representative point; this row does not claim that the label reproduces an ancient witness spelling.
att-0083,plc-pleiades-207419,src-pleiades-gazetteer,textual_only,Samum,latn,und,,Samum,section,https://pleiades.stoa.org/places/207419,23.8474695,47.191495,high,normalized,imported,,,,Pleiades published display label and representative point; this row does not claim that the label reproduces an ancient witness spelling.
att-0084,plc-pleiades-207444,src-pleiades-gazetteer,textual_only,Sînnicolaul Mare,latn,und,,Sînnicolaul Mare,section,https://pleiades.stoa.org/places/207444,20.628316,46.077476,high,normalized,imported,,,,Pleiades published display label and representative point; this row does not claim that the label reproduces an ancient witness spelling.
att-0085,plc-pleiades-207456,src-pleiades-gazetteer,textual_only,Şoimuşeni,latn,und,,Şoimuşeni,section,https://pleiades.stoa.org/places/207456,23.343711,47.31268,high,normalized,imported,,,,Pleiades published display label and representative point; this row does not claim that the label reproduces an ancient witness spelling.
att-0086,plc-pleiades-207464,src-pleiades-gazetteer,textual_only,Stănija,latn,und,,Stănija,section,https://pleiades.stoa.org/places/207464,22.943505,46.197859,high,normalized,imported,,,,Pleiades published display label and representative point; this row does not claim that the label reproduces an ancient witness spelling.
att-0087,plc-pleiades-207556,src-pleiades-gazetteer,textual_only,Vîrţu,latn,und,,Vîrţu,section,https://pleiades.stoa.org/places/207556,23.135888,44.915094,high,normalized,imported,,,,Pleiades published display label and representative point; this row does not claim that the label reproduces an ancient witness spelling.
att-0088,plc-pleiades-207577,src-pleiades-gazetteer,textual_only,Zăvalu,latn,und,,Zăvalu,section,https://pleiades.stoa.org/places/207577,23.790117,43.809013,high,normalized,imported,,,,Pleiades published display label and representative point; this row does not claim that the label reproduces an ancient witness spelling.
att-0089,plc-pleiades-216700,src-pleiades-gazetteer,textual_only,Altinum,latn,und,,Altinum,section,https://pleiades.stoa.org/places/216700,27.692895999999998,44.1873315,high,normalized,imported,,,,Pleiades published display label and representative point; this row does not claim that the label reproduces an ancient witness spelling.
att-0090,plc-pleiades-216712,src-pleiades-gazetteer,textual_only,Arubium,latn,und,,Arubium,section,https://pleiades.stoa.org/places/216712,28.132517862291294,45.246218728966525,high,normalized,imported,,,,Pleiades published display label and representative point; this row does not claim that the label reproduces an ancient witness spelling.
att-0091,plc-pleiades-216724,src-pleiades-gazetteer,textual_only,Babadag,latn,und,,Babadag,section,https://pleiades.stoa.org/places/216724,28.717592000000003,44.891249,high,normalized,imported,,,,Pleiades published display label and representative point; this row does not claim that the label reproduces an ancient witness spelling.
att-0092,plc-pleiades-216727,src-pleiades-gazetteer,textual_only,Barboşi,latn,und,,Barboşi,section,https://pleiades.stoa.org/places/216727,27.989563678558675,45.40489098528261,high,normalized,imported,,,,Pleiades published display label and representative point; this row does not claim that the label reproduces an ancient witness spelling.
att-0093,plc-pleiades-216737,src-pleiades-gazetteer,textual_only,Brîncoveneşti,latn,und,,Brîncoveneşti,section,https://pleiades.stoa.org/places/216737,24.766533,46.866293,high,normalized,imported,,,,Pleiades published display label and representative point; this row does not claim that the label reproduces an ancient witness spelling.
att-0094,plc-pleiades-216740,src-pleiades-gazetteer,textual_only,Bugeac,latn,und,,Bugeac,section,https://pleiades.stoa.org/places/216740,27.431237,44.098073,high,normalized,imported,,,,Pleiades published display label and representative point; this row does not claim that the label reproduces an ancient witness spelling.
att-0095,plc-pleiades-216745,src-pleiades-gazetteer,textual_only,Călugăreni,latn,und,,Călugăreni,section,https://pleiades.stoa.org/places/216745,24.877312,46.628977,high,normalized,imported,,,,Pleiades published display label and representative point; this row does not claim that the label reproduces an ancient witness spelling.
att-0096,plc-pleiades-216755,src-pleiades-gazetteer,textual_only,Castra Traiana,latn,und,,Castra Traiana,section,https://pleiades.stoa.org/places/216755,24.37711,45.20912,high,normalized,imported,,,,Pleiades published display label and representative point; this row does not claim that the label reproduces an ancient witness spelling.
att-0097,plc-pleiades-216771,src-pleiades-gazetteer,textual_only,Cincşor,latn,und,,Cincşor,section,https://pleiades.stoa.org/places/216771,24.833187,45.837593,high,normalized,imported,,,,Pleiades published display label and representative point; this row does not claim that the label reproduces an ancient witness spelling.
att-0098,plc-pleiades-216772,src-pleiades-gazetteer,textual_only,Cîrlomăneşti,latn,und,,Cîrlomăneşti,section,https://pleiades.stoa.org/places/216772,26.263876,45.448538,high,normalized,imported,,,,Pleiades published display label and representative point; this row does not claim that the label reproduces an ancient witness spelling.
att-0099,plc-pleiades-216773,src-pleiades-gazetteer,textual_only,Cochirleni,latn,und,,Cochirleni,section,https://pleiades.stoa.org/places/216773,27.999023,44.278893,high,normalized,imported,,,,Pleiades published display label and representative point; this row does not claim that the label reproduces an ancient witness spelling.
att-0100,plc-pleiades-216779,src-pleiades-gazetteer,textual_only,Cristeşti,latn,und,,Cristeşti,section,https://pleiades.stoa.org/places/216779,24.483571,46.499981,high,normalized,imported,,,,Pleiades published display label and representative point; this row does not claim that the label reproduces an ancient witness spelling.
att-0101,plc-pleiades-216780,src-pleiades-gazetteer,textual_only,Crîmpoaia/Ghioca,latn,und,,Crîmpoaia/Ghioca,section,https://pleiades.stoa.org/places/216780,24.743846,44.303527,high,normalized,imported,,,,Pleiades published display label and representative point; this row does not claim that the label reproduces an ancient witness spelling.
att-0102,plc-pleiades-216809,src-pleiades-gazetteer,textual_only,Feldioara,latn,und,,Feldioara,section,https://pleiades.stoa.org/places/216809,25.59156,45.816418,high,normalized,imported,,,,Pleiades published display label and representative point; this row does not claim that the label reproduces an ancient witness spelling.
att-0103,plc-pleiades-216810,src-pleiades-gazetteer,textual_only,Fîlfani,latn,und,,Fîlfani,section,https://pleiades.stoa.org/places/216810,24.760404,44.612155,high,normalized,imported,,,,Pleiades published display label and representative point; this row does not claim that the label reproduces an ancient witness spelling.
att-0104,plc-pleiades-216840,src-pleiades-gazetteer,textual_only,Hoghiz,latn,und,,Hoghiz,section,https://pleiades.stoa.org/places/216840,25.300011,45.983366,high,normalized,imported,,,,Pleiades published display label and representative point; this row does not claim that the label reproduces an ancient witness spelling.
att-0105,plc-pleiades-216851,src-pleiades-gazetteer,textual_only,Inlăceni,latn,und,,Inlăceni,section,https://pleiades.stoa.org/places/216851,25.111639,46.431143,high,normalized,imported,,,,Pleiades published display label and representative point; this row does not claim that the label reproduces an ancient witness spelling.
att-0106,plc-pleiades-216852,src-pleiades-gazetteer,textual_only,Ismail,latn,und,,Ismail,section,https://pleiades.stoa.org/places/216852,28.836376,45.351691,high,normalized,imported,,,,Pleiades published display label and representative point; this row does not claim that the label reproduces an ancient witness spelling.
att-0107,plc-pleiades-216854,src-pleiades-gazetteer,textual_only,Izlaz,latn,und,,Izlaz,section,https://pleiades.stoa.org/places/216854,24.750056,43.733337,high,normalized,imported,,,,Pleiades published display label and representative point; this row does not claim that the label reproduces an ancient witness spelling.
att-0108,plc-pleiades-216875,src-pleiades-gazetteer,textual_only,Mălăieşti,latn,und,,Mălăieşti,section,https://pleiades.stoa.org/places/216875,26.000146,45.127822,high,normalized,imported,,,,Pleiades published display label and representative point; this row does not claim that the label reproduces an ancient witness spelling.
att-0109,plc-pleiades-216905,src-pleiades-gazetteer,textual_only,Odorheiu Secuiesc,latn,und,,Odorheiu Secuiesc,section,https://pleiades.stoa.org/places/216905,25.301186,46.313132,high,normalized,imported,,,,Pleiades published display label and representative point; this row does not claim that the label reproduces an ancient witness spelling.
att-0110,plc-pleiades-216910,src-pleiades-gazetteer,textual_only,Olteni,latn,und,,Olteni,section,https://pleiades.stoa.org/places/216910,25.848815,45.974122,high,normalized,imported,,,,Pleiades published display label and representative point; this row does not claim that the label reproduces an ancient witness spelling.
att-0111,plc-pleiades-216923,src-pleiades-gazetteer,textual_only,Peceneaga,latn,und,,Peceneaga,section,https://pleiades.stoa.org/places/216923,28.151245,45.016653,high,normalized,imported,,,,Pleiades published display label and representative point; this row does not claim that the label reproduces an ancient witness spelling.
att-0112,plc-pleiades-216929,src-pleiades-gazetteer,textual_only,Pietroasa de Jos,latn,und,,Pietroasa de Jos,section,https://pleiades.stoa.org/places/216929,26.566816,45.100082,high,normalized,imported,,,,Pleiades published display label and representative point; this row does not claim that the label reproduces an ancient witness spelling.
att-0113,plc-pleiades-216932,src-pleiades-gazetteer,textual_only,Piroboridava,latn,und,,Piroboridava,section,https://pleiades.stoa.org/places/216932,27.250009,45.983326,high,normalized,imported,,,,Pleiades published display label and representative point; this row does not claim that the label reproduces an ancient witness spelling.
att-0114,plc-pleiades-216933,src-pleiades-gazetteer,textual_only,Piscul Crăsanilor,latn,und,,Piscul Crăsanilor,section,https://pleiades.stoa.org/places/216933,26.859816,44.598518,high,normalized,imported,,,,Pleiades published display label and representative point; this row does not claim that the label reproduces an ancient witness spelling.
att-0115,plc-pleiades-216934,src-pleiades-gazetteer,textual_only,Piua Pietrei,latn,und,,Piua Pietrei,section,https://pleiades.stoa.org/places/216934,27.836498,44.72711,high,normalized,imported,,,,Pleiades published display label and representative point; this row does not claim that the label reproduces an ancient witness spelling.
att-0116,plc-pleiades-216937,src-pleiades-gazetteer,textual_only,Pons Aluti,latn,und,,Pons Aluti,section,https://pleiades.stoa.org/places/216937,24.236029000000002,44.870115999999996,high,normalized,imported,,,,Pleiades published display label and representative point; this row does not claim that the label reproduces an ancient witness spelling.
att-0117,plc-pleiades-216939,src-pleiades-gazetteer,textual_only,Pons Vetus,latn,und,,Pons Vetus,section,https://pleiades.stoa.org/places/216939,24.3065325,45.5028615,high,normalized,imported,,,,Pleiades published display label and representative point; this row does not claim that the label reproduces an ancient witness spelling.
att-0118,plc-pleiades-216941,src-pleiades-gazetteer,textual_only,Popeşti,latn,und,,Popeşti,section,https://pleiades.stoa.org/places/216941,26.399809,44.303015,high,normalized,imported,,,,Pleiades published display label and representative point; this row does not claim that the label reproduces an ancient witness spelling.
att-0119,plc-pleiades-216943,src-pleiades-gazetteer,textual_only,Praetorium,latn,und,,Praetorium,section,https://pleiades.stoa.org/places/216943,24.303476792560893,45.4177599601573,high,normalized,imported,,,,Pleiades published display label and representative point; this row does not claim that the label reproduces an ancient witness spelling.
att-0120,plc-pleiades-216987,src-pleiades-gazetteer,textual_only,Slăveni Roman Fort,latn,und,,Slăveni Roman Fort,section,https://pleiades.stoa.org/places/216987,24.52904396013058,44.081925496829406,high,normalized,imported,,,,Pleiades published display label and representative point; this row does not claim that the label reproduces an ancient witness spelling.
att-0121,plc-pleiades-217007,src-pleiades-gazetteer,textual_only,Thalamonium,latn,und,,Thalamonium,section,https://pleiades.stoa.org/places/217007,28.916885,45.149867,high,normalized,imported,,,,Pleiades published display label and representative point; this row does not claim that the label reproduces an ancient witness spelling.
att-0122,plc-pleiades-217018,src-pleiades-gazetteer,textual_only,Topalu,latn,und,,Topalu,section,https://pleiades.stoa.org/places/217018,28.04476,44.544546,high,normalized,imported,,,,Pleiades published display label and representative point; this row does not claim that the label reproduces an ancient witness spelling.
att-0123,plc-pleiades-217027,src-pleiades-gazetteer,textual_only,Tropaeum Traiani (settlement),latn,und,,Tropaeum Traiani (settlement),section,https://pleiades.stoa.org/places/217027,27.94398724665909,44.09207335206407,high,normalized,imported,,,,Pleiades published display label and representative point; this row does not claim that the label reproduces an ancient witness spelling.
att-0124,plc-pleiades-217037,src-pleiades-gazetteer,textual_only,Valea Urluii,latn,und,,Valea Urluii,section,https://pleiades.stoa.org/places/217037,25.053293,43.958529,high,normalized,imported,,,,Pleiades published display label and representative point; this row does not claim that the label reproduces an ancient witness spelling.
att-0125,plc-pleiades-217042,src-pleiades-gazetteer,textual_only,Vicus Buteridavensis,latn,und,,Vicus Buteridavensis,section,https://pleiades.stoa.org/places/217042,28.703659,44.688795,high,normalized,imported,,,,Pleiades published display label and representative point; this row does not claim that the label reproduces an ancient witness spelling.
att-0126,plc-pleiades-217047,src-pleiades-gazetteer,textual_only,Vicus Novus,latn,und,,Vicus Novus,section,https://pleiades.stoa.org/places/217047,28.717477,44.891421,high,normalized,imported,,,,Pleiades published display label and representative point; this row does not claim that the label reproduces an ancient witness spelling.
att-0127,plc-pleiades-217048,src-pleiades-gazetteer,textual_only,Vicus Petrus,latn,und,,Vicus Petrus,section,https://pleiades.stoa.org/places/217048,28.605266,44.809832,high,normalized,imported,,,,Pleiades published display label and representative point; this row does not claim that the label reproduces an ancient witness spelling.
att-0128,plc-pleiades-217049,src-pleiades-gazetteer,textual_only,Vicus Quintionis,latn,und,,Vicus Quintionis,section,https://pleiades.stoa.org/places/217049,28.712282,44.569999,high,normalized,imported,,,,Pleiades published display label and representative point; this row does not claim that the label reproduces an ancient witness spelling.
att-0129,plc-pleiades-281718504,src-pleiades-gazetteer,textual_only,Alburnus Maior,latn,und,,Alburnus Maior,section,https://pleiades.stoa.org/places/281718504,23.1309849,46.3062526,high,normalized,imported,,,,Pleiades published display label and representative point; this row does not claim that the label reproduces an ancient witness spelling.
att-0130,plc-ulpia-traiana-sarmizegetusa,src-ortelius-theatrum-1570-rumsey,variant,Vlpia Traiana Zarmisgetusa,latn,la,,Ulpia Traiana Sarmizegetusa,sheet,"Sheet 10000.093 (plate 42), map face beside Varhel; IIIF region 7300,3450,1900,950",,,medium,normalized,manual,,,,"The Roman colonia named in full beside its contemporary Hungarian name Varhel. Filed against plc-ulpia-traiana-sarmizegetusa and not plc-sarmizegetusa-regia: the two sites lie forty kilometres apart and the places table warns about exactly this conflation. Contrast att-0006, which carries Zarmizegethusa regia from the 1595 Parergon and does belong to the royal seat."
