gap_id,act,cluster,kind,blocks,statement,why_it_matters,next_action,status
ant-gap-coronelli-plate,act_iii,coronelli,retrieval_failure,KAN-422|ant-clm-coronelli-depiction|ant-clm-coronelli-belief,"The Rumsey detail page for Coronelli's 1693 'Terre Polari, Artiche, ed Antartiche' returned an access check and its metadata could not be transcribed.",Act III's central object is unseen. Nothing may be said about what Coronelli's polar plate depicts until the plate itself is examined.,"Retrieve the Rumsey record by hand or find a second digitised copy, then transcribe title, list number, date and rights.",open
ant-gap-coronelli-hemisphere,act_iii,coronelli,object_identity,KAN-422|ant-clm-coronelli-depiction,"Search evidence suggests the 1693 polar plate is weighted towards the Arctic, and a separate 'Terre Artiche' plate exists.","If Coronelli's polar plate is mostly northern, the honest Act III finding is that the southern polar region is comparatively unattended, which is a stronger argument than the one the specification assumes.","Establish whether the Epitome carries a distinct southern polar plate, or whether the south appears only on the globe gores and world maps.",open
ant-gap-coronelli-milanesi,act_iii,coronelli,scholarly_authority,KAN-422|ant-clm-coronelli-belief,Milanesi's Coronelli monograph has not been consulted.,"Without it Act III would read Coronelli's plates as statements of his beliefs, which is the exact error the claim ledger flags as high risk.",Acquire or consult the Brepols volume and record page locators for Coronelli's working method and source use.,open
ant-gap-atlante-plates,act_iii,coronelli,object_identity,KAN-422,No specific Atlante Veneto volume or plate has been identified as carrying polar material.,A thirteen-volume work cannot be cited as a whole. The object register currently holds a placeholder.,Work through a digitised Atlante Veneto set and list the plates that show the southern polar region.,open
ant-gap-rmg-rights,cross_cutting,cook,rights,KAN-420|KAN-430|KAN-431,Both verified Greenwich objects state no reuse licence; the 1910 ice chart carries a Crown copyright credit line.,The two objects the essay most wants to reproduce are the two whose terms are unknown. Both are research_only until RMG Images answers in writing.,"Write to RMG Images with the intended use, and record the reply against both object rows.",open
ant-gap-cook-copy-choice,act_iv,cook,edition_state,KAN-420|KAN-424,Greenwich holds at least two records for the 1777 southern-hemisphere chart and they have not been compared.,The essay must name the copy it reproduces. Two records for one chart is the ambiguity the register exists to close.,"Closed. rmgc-object-543571 is G201:3/3, a second impression of the same plate with a Forster attribution and different measurements. The essay reproduces PAI4123 unless a state comparison says otherwise.",closed
ant-gap-fine-mercator-ortelius-states,act_i,foundation,edition_state,KAN-420|KAN-424,"No holding copy or plate state has been identified for the Fine, Mercator or Ortelius world maps.",The southern coastline differs across states. A comparison of 'the Ortelius world map' with no state named compares nothing in particular.,"Select one holding copy per object, record its identifier, and note the state on which the southern coast is read.",open
ant-gap-bellingshausen-charts,act_v,discovery_survey,object_identity,KAN-421|KAN-425|ant-clm-first-sighting,No Bellingshausen chart has been located in a named repository.,"The 1820 priority discussion cannot be illustrated from the Russian side, which would leave the essay arguing priority from British and American material alone.",Identify the expedition atlas plates and a holding institution; establish whether a digitised set exists.,open
ant-gap-bellingshausen-translation,act_v,discovery_survey,translation,KAN-421|ant-clm-first-sighting,The essay's access to Bellingshausen is through Debenham's 1945 English edition.,Priority claims often turn on the wording of what was seen. A translation is an interpretation and may not silently stand in for the Russian text.,"Either consult the Russian text for the passages the essay quotes, or declare the dependence on Debenham in the claim ledger and the essay.",open
ant-gap-wilkes-sheets,act_vi,discovery_survey,object_identity,KAN-426|ant-clm-wilkes-coast,"The Wilkes atlas is located at the Library of Congress with a digitised copy, but no individual sheet or charted position has been identified.","The programme's flagship ghost-geography case is currently a general recollection that Ross sailed over land Wilkes charted. Which land, at what position, on which sheet, is unknown.","Open the LoC item record and the digitised atlas, find the map of the Antarctic continent, and record the disputed positions with their coordinates and the plate number.",in_progress
ant-gap-endurance22-position,coda,epilogue,retrieval_failure,KAN-429|ant-clm-wreck-distance,The Endurance22 site returned 403 and the Antarctic Treaty HSM 93 entry could not be retrieved. The 1915 position now has a reviewed source; the 2022 position still does not.,"The Coda compares a 1915 reported position with a 2022 confirmed one. Neither figure is currently held from a citable source, and secondary reporting conflates the two.","Bergman and Stuart (Journal of Navigation, 2018) recompute the 1915 position from Worsley's logbook as 68 39 30 S, 52 26 30 W. Read that article and its chronometer-error companion for the uncertainty, then obtain the 2022 position from HSM 93 or an equivalent published record before any comparison is drawn.",in_progress
ant-gap-worsley-workings,act_viii,endurance,object_identity,KAN-428|KAN-429|ant-clm-fix-vs-interpolation,"Worsley's navigational records have not been located in a named archive, but Bergman and Stuart transcribed his logbook and replicated its calculations in print.","Without them the dataset cannot distinguish an observed fix from a dead-reckoned position, which is the whole subject of Act VIII.",Read Bergman and Stuart (2018) and take the dated positions and their methods from the transcription rather than from a narrative. An archive visit becomes a confirmation step rather than a precondition.,in_progress
ant-gap-drift-position-table,act_viii,endurance,locator,KAN-428|ant-clm-drift-track,No reviewed table of dated Endurance positions has been compiled from a primary or scholarly source.,A drift track drawn from a narrative is an illustration. The interactive claims to show recorded positions and must be able to cite each one.,"Compile positions from Worsley and Shackleton with page locators, then mark which are observed and which are inferred.",open
ant-gap-1874-vs-1910,act_vii,cumulative,edition_state,KAN-427,"The Greenwich record dates the ice chart 1910 and 1874, and a separate 1874 record exists; the two sheets have not been compared.","If the 1910 sheet revises an 1874 compilation, Act VII can show a synthesis being corrected rather than merely accumulating.","Closed. NTY288:1/2(1) is the 1874 compilation, published 1879, listing Cook through Ross plus Towson's iceberg papers. The 1910 sheet adds Scott 1901-4 and Shackleton 1908-9. The revision is demonstrable from the two titles.",closed
ant-gap-ghost-causation,act_vi,discovery_survey,scholarly_authority,KAN-426|ant-clm-mirage-causation,"No scholarship has been consulted that attributes any specific southern ghost feature to mirage, refraction or ice.","Attributing a cause to an error is a much stronger claim than recording that it was later removed, and the specification flags it as high risk.",Find peer-reviewed work on Antarctic refraction and ice-island misidentification before any causal statement is drafted.,open
ant-gap-headland-dates,cross_cutting,,scholarly_authority,KAN-421|KAN-425|KAN-427,"Headland's chronology has not been consulted, so no date in this programme has been checked against a reference work.",Dates are the spine of Acts V to VIII and are the easiest thing to get quietly wrong.,Consult the chronology and record an entry against each dated record in the observations table.,open
ant-gap-besetment-date,act_viii,endurance,locator,KAN-428|ant-clm-drift-track,Sources seen during the audit give the besetment of Endurance as both 18 and 19 January 1915.,"The drift dataset is dated throughout, and the first date in it is the one everything else is measured from.","Take the date from Worsley's logbook as transcribed by Bergman and Stuart, and record the other reading as a disagreement rather than dropping it.",open
ant-gap-durville-charts,act_v,discovery_survey,object_identity,KAN-425|ant-clm-competing-1840,No Dumont d'Urville atlas plate has been identified.,"Wilkes, d'Urville and Ross were charting overlapping coast in the same season. With one of the three located, Act V can describe the competition but cannot show it.",Search Gallica for the Voyage au Pole Sud atlas and record the polar plates.,open
ant-gap-chart-contribution-basis,act_vii,cumulative,locator,KAN-427|ant-clm-cumulative-chart,"The voyage contributions recorded for the 1874 and 1910 charts come from the catalogue titles, not from reading the sheets.","A title says which voyages were compiled. It does not say what each contributed, or where on the sheet, which is what the annotated view needs.","Obtain reproductions of both sheets and record, per voyage, what appears and where.",open
