feature_id,feature_type,name,latin_name,place_id,via_place_ids,geometry_provenance,confidence,valid_from,valid_to,citation,repository,source_url,rights_status,review_status,notes
rd-site-apulum,site,Apulum,Apulum,plc-apulum,,modern_reference,medium,106,271,"Talbert (ed.), Barrington Atlas of the Greek and Roman World (2000), map 21","Princeton University Press",https://pleiades.stoa.org/places/207371,in_copyright,candidate,"Legionary fortress of XIII Gemina and the province's administrative centre. The point is the modern settlement's reference location carried from the CND place record, not an excavated centroid."
rd-site-napoca,site,Napoca,Napoca,plc-napoca,,modern_reference,medium,106,271,"Talbert (ed.), Barrington Atlas of the Greek and Roman World (2000), map 21","Princeton University Press",https://pleiades.stoa.org/places/207457,in_copyright,candidate,"Municipium and later colonia on the road north. Point carried from the CND place record."
rd-site-potaissa,site,Potaissa,Potaissa,plc-potaissa,,modern_reference,medium,106,271,"Talbert (ed.), Barrington Atlas of the Greek and Roman World (2000), map 21","Princeton University Press",https://pleiades.stoa.org/places/207489,in_copyright,candidate,"Legionary fortress of V Macedonica from c. 168. Point carried from the CND place record."
rd-site-porolissum,site,Porolissum,Porolissum,plc-porolissum,,editorial_reconstruction,medium,106,271,"Talbert (ed.), Barrington Atlas of the Greek and Roman World (2000), map 21","Princeton University Press",https://pleiades.stoa.org/places/207487,in_copyright,candidate,"The northern frontier command. The CND record carries an editorial reconstruction of the site position, and that provenance is carried through rather than upgraded here."
rd-site-ulpia-traiana,site,Colonia Ulpia Traiana Sarmizegetusa,Colonia Vlpia Traiana Sarmizegetvsa,plc-ulpia-traiana-sarmizegetusa,,editorial_reconstruction,medium,106,271,"Talbert (ed.), Barrington Atlas of the Greek and Roman World (2000), map 21","Princeton University Press",https://pleiades.stoa.org/places/207580,in_copyright,candidate,"The provincial capital, forty kilometres from the Dacian royal seat whose name it took."
rd-site-tibiscum,site,Tibiscum,Tibiscvm,plc-tibiscum,,editorial_reconstruction,medium,106,271,"Talbert (ed.), Barrington Atlas of the Greek and Roman World (2000), map 21","Princeton University Press",https://pleiades.stoa.org/places/207561,in_copyright,candidate,"Road junction where the Lederata and Dierna approaches meet."
rd-site-micia,site,Micia,Micia,plc-micia,,editorial_reconstruction,medium,106,271,"Talbert (ed.), Barrington Atlas of the Greek and Roman World (2000), map 21","Princeton University Press",https://pleiades.stoa.org/places/207429,in_copyright,candidate,"Auxiliary fort and customs station on the Mureș."
rd-site-ampelum,site,Ampelum,Ampelvm,plc-ampelum,,modern_reference,medium,106,271,"Talbert (ed.), Barrington Atlas of the Greek and Roman World (2000), map 21","Princeton University Press",https://pleiades.stoa.org/places/207356,in_copyright,candidate,"Seat of the procurator aurariarum, the gold-mining administration."
rd-site-bologa,site,Resculum,Resculvm,plc-bologa,,editorial_reconstruction,low,106,271,"Talbert (ed.), Barrington Atlas of the Greek and Roman World (2000), map 21","Princeton University Press",https://pleiades.stoa.org/places/207506,in_copyright,candidate,"Fort at Bologa guarding the Criș approach. The ancient name attached to this fort is not settled, which is why the confidence is low."
rd-site-arcidava,site,Arcidava,Arcidava,plc-arcidava,,editorial_reconstruction,low,106,271,"Talbert (ed.), Barrington Atlas of the Greek and Roman World (2000), map 21","Princeton University Press",https://pleiades.stoa.org/places/207362,in_copyright,candidate,"First station on the Lederata road, at Vărădia."
rd-site-drobeta,site,Drobeta,Drobeta,plc-drobeta,,modern_reference,high,106,271,"Talbert (ed.), Barrington Atlas of the Greek and Roman World (2000), map 21","Princeton University Press",https://pleiades.stoa.org/places/207382,in_copyright,candidate,"The bridgehead of Trajan's bridge, and the one site here whose position is fixed by standing remains."
rd-site-dierna,site,Dierna,Dierna,plc-dierna,,modern_reference,medium,106,271,"Talbert (ed.), Barrington Atlas of the Greek and Roman World (2000), map 21","Princeton University Press",https://pleiades.stoa.org/places/207380,in_copyright,candidate,"Danube crossing at Orșova; the modern town sits over it."
rd-site-romula,site,Romula,Romvla,plc-romula,,editorial_reconstruction,medium,106,271,"Tabula Imperii Romani L-35: Romula, Durostorum, Tomis (1969)","Academia Republicii Socialiste România",https://pleiades.stoa.org/places/207516,in_copyright,candidate,"Principal town of the Olt corridor, behind the limes Alutanus."
rd-site-sucidava,site,Sucidava,Svcidava,plc-sucidava,,editorial_reconstruction,medium,106,271,"Tabula Imperii Romani L-35: Romula, Durostorum, Tomis (1969)","Academia Republicii Socialiste România",https://pleiades.stoa.org/places/207550,in_copyright,candidate,"Danube crossing at the mouth of the Olt, and the last Roman position held here into the sixth century."
rd-road-lederata-tibiscum,road,Lederata road,Via a Lederata ad Tibiscvm,,plc-arcidava|plc-tibiscum,editorial_reconstruction,medium,106,271,"Talbert (ed.), Barrington Atlas of the Greek and Roman World (2000), map 21; Tabula Peutingeriana segm. VI-VII","Princeton University Press",https://pleiades.stoa.org/places/207362,in_copyright,candidate,"One of the two invasion routes of 101-106 and a road of the Peutinger table. The drawn line joins attested stations in order; it is not a surveyed alignment and the intermediate stations are not plotted."
rd-road-imperial,road,The imperial road,Via principalis Daciae,,plc-tibiscum|plc-ulpia-traiana-sarmizegetusa|plc-apulum|plc-potaissa|plc-napoca|plc-porolissum,editorial_reconstruction,medium,106,271,"Talbert (ed.), Barrington Atlas of the Greek and Roman World (2000), map 21","Princeton University Press",https://pleiades.stoa.org/places/207371,in_copyright,candidate,"The province's spine, from the capital to the northern command. The line joins attested stations in order and generalises every bend of the Mureș and Someș valleys it actually followed."
rd-road-mures,road,The Mureș valley road,Via ad Marisiam,,plc-micia|plc-apulum,editorial_reconstruction,low,106,271,"Talbert (ed.), Barrington Atlas of the Greek and Roman World (2000), map 21","Princeton University Press",https://pleiades.stoa.org/places/207429,in_copyright,candidate,"The customs road down the Mureș. Two stations only, so the drawn segment is a direction rather than a route."
rd-road-danube,road,The Danube bank road,Via ripae Danvvii,,plc-dierna|plc-drobeta|plc-sucidava,editorial_reconstruction,medium,106,271,"Tabula Imperii Romani L-35: Romula, Durostorum, Tomis (1969)","Academia Republicii Socialiste România",https://pleiades.stoa.org/places/207382,in_copyright,candidate,"The river road along the left bank. Drawn straight between crossings; the actual road follows the river, which this line does not."
rd-road-olt,road,The Olt corridor road,Via Alvtana,,plc-sucidava|plc-romula,editorial_reconstruction,medium,106,271,"Tabula Imperii Romani L-35: Romula, Durostorum, Tomis (1969)","Academia Republicii Socialiste România",https://pleiades.stoa.org/places/207516,in_copyright,candidate,"The road up the Olt behind the limes Alutanus, from the Danube crossing to the corridor's principal town."
rd-road-resculum,road,The Resculum road,Via a Napoca ad Resculvm,,plc-napoca|plc-bologa,editorial_reconstruction,low,106,271,"Talbert (ed.), Barrington Atlas of the Greek and Roman World (2000), map 21","Princeton University Press",https://pleiades.stoa.org/places/207506,in_copyright,candidate,"West from Napoca to the fort at Bologa and the passes beyond."
rd-limes-porolissensis,limes,Limes Porolissensis,Limes Porolissensis,,,editorial_reconstruction,low,106,271,"Talbert (ed.), Barrington Atlas of the Greek and Roman World (2000), map 21","Princeton University Press",https://pleiades.stoa.org/places/207487,in_copyright,candidate,"The north-western frontier system of forts, towers and earthworks. The line is a schematic corridor drawn to show where the frontier ran, not a mapped earthwork: no segment here has been digitised from a survey."
rd-limes-alutanus,limes,Limes Alutanus,Limes Alvtanvs,,,editorial_reconstruction,low,106,271,"Tabula Imperii Romani L-35: Romula, Durostorum, Tomis (1969)","Academia Republicii Socialiste România",https://pleiades.stoa.org/places/207550,in_copyright,candidate,"The Olt line, from the Danube to the Turnu Roșu pass. Schematic corridor, following the river's general course rather than any surveyed work."
rd-limes-transalutanus,limes,Limes Transalutanus,Limes Transalvtanvs,,,editorial_reconstruction,low,106,245,"Tabula Imperii Romani L-35: Romula, Durostorum, Tomis (1969)","Academia Republicii Socialiste România",https://pleiades.stoa.org/places/207516,in_copyright,candidate,"The forward line east of the Olt, abandoned in the mid-third century before the province itself was. Schematic corridor; its end date is earlier than the province's and is the reason this layer is filtered per feature rather than as a block."
